comentario,valor,equivalente
El se√±or conductor lleg√≥ con un acompa√±ante y no cumpli√≥ con el servicio,N,0
Nada,NEU,1
Hhug,NEU,1
Actitud desagradable,N,0
Nunca lleg√≥ ,N,0
Cancelo la carrera :/,N,0
Ya no necesitaba,NEU,1
Nunca llego Nunca lleg√≥,N,0
Viaje agradable,P,2
nunca llego y lo espere m√°s tiempo ,N,0
Yo me tarde. Lo siento,NEU,1
cancelaci√≥n de pedido,N,0
Nunca lleg√≥,N,0
Cancel√≥ solicitud,N,0
Servicio de llamadas,N,0
Puntualidad,N,0
"Atento y cordial, Viaje agradable, Puntualidad, Wifi/carga de celulares, Servicio de llamadas",P,2
Excelente servicio ,P,2
Ok,P,2
Q paso?,NEU,1
Bolivar bail√≥n y Ram√≥n burneo,NEU,1
no llego la unidad en el tiempo ,N,0
No llego,N,0
Me llamo porq me quiere cobrar 4$ desde la Lorena hasta la rio Zamora.. Por la Cava.. Fatal,N,0
Nunca lleg√≥,N,0
Nqbwbbe ,NEU,1
Esperando,N,0
Llegomotro,NEU,1
Me equivoqu√© de direcci√≥n,NEU,1
Esper√°ndolo y nada,N,0
Disculpe ya salio ,NEU,1
No quer√≠a poner tax√≠metro Actitud desagradable,N,0
"Mal estado de veh√≠culo, Uso tel√©fono hablo/chat",N,0
Muy bien ,P,2
Puntualidad,NEU,1
Amigo no se malito no me cancele,N,0
Mala atenci√≥n,N,0
cobro muy caro abusivamente,N,0
"Atento y cordial, Viaje agradable, Puntualidad, Wifi/carga de celulares, Servicio de llamadas",P,2
Malo ,N,0
Ok,P,2
Atento y cordial,P,2
No llego ,N,0
Servicio de llamadas,NEU,1
Cancelar,N,0
Excelente,P,2
Viaje agradable,P,2
Venga,NEU,1
Cancel√≥ solicitud,N,0
Bueno ,P,2
P√©simo servicio esperando y me cancela,N,0
Buen trato,P,2
Atento y cordial,P,2
No pude llegar,NEU,1
Eso es una falta de respeto,N,0
Cancelo,N,0
Atento y cordial,P,2
Mal la direccion,NEU,1
Actitud desagradable,N,0
Nunca llego ,N,0
NonllegoNunca lleg√≥,N,0
no llego pronto ,N,0
Viaje agradable,P,2
Gracias,P,2
no llego a su destino ,N,0
Cancel√≥ solicitud,N,0
"Mal trato al pasajero , exceso de velocidad ,abusivo para cobrar , cobra dem√°s de lo que es",N,0
Buena ,P,2
Atento y cordial,P,2
Ya no lo necesito,NEU,1
"Atento y cordial, Viaje agradable, Puntualidad",P,2
"Puntualidad, Atento y cordial, Viaje agradable",P,2
"Atento y cordial, Viaje agradable, Puntualidad",P,2
Atento y cordial,P,2
Atento y cordial,P,2
No lleg√≥,N,0
"Atento y cordial, Viaje agradable, Puntualidad",P,2
ya no saldr√©,NEU,1
no deseamos,NEU,1
Mal,N,0
Atento y cordial,P,2
"Atento y cordial, Viaje agradable, Puntualidad",P,2
Excelente ,P,2
Puntualidad,NEU,1
Nunca lleg√≥,P,2
Puntualidad,NEU,1
Tiempo mas de 8 minutos. Esper√© pero nadie lleg√≥. Tuve que coquer otro taxi que pasava alli vacio. Servicio pesimo. Aplicacion complicada de usar. Prefiero llamar con telefono.,N,0
 no llego al lugar ,N,0
P√©simo servicio,N,0
Nunca lleg√≥,N,0
Viaje agradable,P,2
Ya no necesito gracias,NEU,1
Atento y cordial,P,2
"El cliente, ya no desea. ",NEU,1
üò§,N,0
No se ubica en la direcci√≥n,N,0
No valeCancel√≥ solicitud,N,0
HP,N,0
Llev√≥ otro cliente,N,0
Evitar el claxon,N,0
Urgencia,NEU,1
tiempo de espera ,NEU,1
le llamamos varia veces no contestoLlev√≥ otro cliente,N,0
Atento y cordial,P,2
No hizo nada ,N,0
Nunca lleg√≥,N,0
"Atento y cordial, Viaje agradable",P,2
Se demora mucho,N,0
Puntualidad,NEU,1
Presentaci√≥n personal,NEU,1
Puntualidad,NEU,1
"Cancel√≥ solicitud, Nunca lleg√≥",N,0
Nunca lleg√≥,N,0
L ,NEU,1
Excelente  ,P,2
Atento y cordial,P,2
Ok ,P,2
Nunca lleg√≥,NEU,1
Estaba lejos de la ubicaci√≥n  ,N,0
BuenoAtento y cordial,N,0
GPS mal,N,0
Servicio de llamadas,NEU,1
Se apag√≥ el celular,NEU,1
"Atento y cordial, Viaje agradable, Puntualidad, Wifi/carga de celulares, Servicio de llamadas",P,2
Llev√≥ otro cliente,N,0
Mal servicio,N,0
Bien  ,P,2
Muchas gracias por su comprension,P,2
Oteo,NEU,1
No llego,N,0
Mal servicio,N,0
"Atento y cordial, Viaje agradable, Puntualidad",P,2
Puntualidad,NEU,1
No es la direccion,N,0
Ok ,P,2
"Atento y cordial, Viaje agradable, Puntualidad",P,2
las calles fueron dadas por error,NEU,1
Ya pedimos otro taxi,NEU,1
"Viaje agradable, Puntualidad",P,2
Muy buena  ,P,2
Si no va a venir para que ofre e,N,0
Cancelada por Call Center.,N,0
Gracias ,P,2
Hsjeje,NEU,1
Puntualidad,NEU,1
Nunca lleg√≥,N,0
Viaje agradable,P,2
Viaje agradable,P,2
Actitud desagradable,N,0
No cumpli√≥,N,0
Pero lo estoy esperando,N,0
Servicio de llamadas,NEU,1
Nunca lleg√≥,N,0
Cancelada por Call Center.,N,0
Ninguno ,NEU,1
Actitud desagradable,N,0
No seda,N,0
Puntualidad,NEU,1
Buen servicio,P,2
P√©sima Cancel√≥ solicitud,N,0
Acepta la carrera pero al llegar al redondel coge otra carrera y se retira eso no est√° bien si no va a cumplir qu√© no acepte la carrera ,N,0
Puntualidad,NEU,1
Muy malo ,N,0
Eramos 4 personas y nos quizo llevar ,N,0
Lllame y no contest√≥ Nunca lleg√≥,N,0
no llego.....,N,0
P√©simo servicio,N,0
Cancela sin motivo,N,0
"Atento y cordial, Viaje agradable, Puntualidad, Servicio de llamadas",P,2
Puntual ,NEU,1
Esta en otra ruta. ,N,0
No llegoNunca lleg√≥,N,0
Se molesta porque no se orienta en la ubicaci√≥n,N,0
P√©simo servicio  acepta para luego cancelar,N,0
"Atento y cordial, Viaje agradable, Puntualidad",P,2
Nunca √±lego,N,0
Me equivoque de funci√≥n necesitaba deliver,NEU,1
Puntualidad,NEU,1
Nunca lleg√≥,N,0
Nunca llego mal servicio,N,0
"En la cayambeAtento y cordial, Viaje agradable",P,2
No lleg√≥,N,0
Nunca lleg√≥,N,0
Llev√≥ otro cliente,N,0
Haces perder tiempo,N,0
Mal p√©simo no lo recomiendo  ,N,0
Nunca lleg√≥,N,0
"Atento y cordial, Viaje agradable, Puntualidad",P,2
Pendejos no hagan perder el tiempo,N,0
P√©simo servicio,N,0
Nunca lleg√≥,N,0
Atento y cordial,P,2
Actitud desagradable,N,0
Mal conductor,N,0
El gps de la aplicaci√≥n esta fallando ,NEU,1
Nunca lleg√≥,N,0
"Muy buen profesional, gracias.",P,2
Bien,P,2
Muy  bien,P,2
Puntualidad,NEU,1
Atento y cordial,P,2
No,NEU,1
Cancel√≥ el pedido,N,0
N9 me quiso hacer la carrera,N,0
No sabe ma direcci√≥n Nunca lleg√≥,N,0
Ya lleg√≥ otra unidad disculpe,NEU,1
Nunca llego,N,0
Puntualidad,NEU,1
Nunca lleg√≥,N,0
Atento y cordial,P,2
Nunca lleg√≥,N,0
me vinieron a recoger ,NEU,1
Ya no deseo mil disculpas,NEU,1
otro motivo ,NEU,1
ehehdhejsjdjdjdjdjdjd,NEU,1
"Atento y cordial, Viaje agradable, Puntualidad, Wifi/carga de celulares, Servicio de llamadas",P,2
"ExcelenteAtento y cordial, Puntualidad, Viaje agradable",P,2
Puntualidad,NEU,1
No quiero taxi,N,0
"literalmente 1 hora esperando bajo la lluvia, nunca vino y se hizo el loco, p√©simo servicio.",N,0
no lleg√≥ no monopolio,N,0
"Atento y cordial, Viaje agradable, Puntualidad",P,2
Ubicaci√≥n equivocado,NEU,1
toque de queda,NEU,1
Servicio de llamadas,NEU,1
Cancelo,N,0
Uuuyyu,NEU,1
Mal servicio,N,0
Disculpa ,NEU,1
P√©simo servicio,N,0
Puntualidad,NEU,1
Acepto pero nunca llego,P,2
No llego,N,0
Se apag√≥ mi celular,NEU,1
Puntualidad,NEU,1
Ni llego el taxi ,N,0
El se√±or taxista coment√≥ que le sali√≥ mal la ubicaci√≥n,N,0
Pesimo,N,0
Atento y cordial,P,2
Cancel√≥ solicitud,N,0
En el tarifario desde la pasos kanki y hualparrimachi hasta el IC norte de la Melchor salio que la carrera tenia un costo de 53 bs,N,0
"Actitud desagradable, Nunca lleg√≥",N,0
Excelente,P,2
Llev√≥ otro cliente,N,0
Nunca lleg√≥,N,0
"Atento y cordial, Puntualidad",P,2
Direccion incorrecta,N,0
"Atento y cordial, Viaje agradable, Puntualidad",P,2
Gracias,P,2
Atento y cordial,P,2
"Atento y cordial, Viaje agradable, Puntualidad, Wifi/carga de celulares, Servicio de llamadas",P,2
Excelente servicio,P,2
Muy atento Puntualidad,P,2
"Atento y cordial, Puntualidad",P,2
"Atento y cordial, Viaje agradable, Puntualidad",P,2
Atento y cordial,P,2
me equivoqu√© de ubicaci√≥n ,NEU,1
No yega,N,0
cancelada,N,0
Puntualidad,NEU,1
Me subi en el taxi equivocado ,NEU,1
No acepte si no va a venir,N,0
Nsndjdjfjfjfjf,NEU,1
Puntualidad,NEU,1
Muy lejos,N,0
se cancel√≥ la salida ,NEU,1
Disculpe ya no Atento y cordial,NEU,1
Nunca lleg√≥,N,0
buen servicio ,P,2
Atento y cordial,P,2
no est√° actualizado ,NEU,1
Jdjd,NEU,1
No llego,N,0
Puntualidad,NEU,1
Servicio de llamadas,NEU,1
 No nos quiso llevar Actitud desagradable,N,0
"Atento y cordial, Viaje agradable, Puntualidad",P,2
No llego,N,0
"Me dijeron 2 minutos, espere 5 y nunca llego ni me llam√≥ Nunca lleg√≥",N,0
"Atento y cordial, Viaje agradable, Puntualidad, Wifi/carga de celulares, Servicio de llamadas",P,2
Nunca lleg√≥,N,0
Atento y cordial,P,2
Viaje agradable,P,2
Nunca lleg√≥,N,0
Nos rayamos con la hora,NEU,1
Si no va a llegar no acepte la solicitud por favor,N,0
Viaje agradable,P,2
No voy,NEU,1
El tiempo de espera de la solicitud ha caducado,N,0
Cancelada por Call Center.,N,0
Puntualidad,NEU,1
"Atento y cordial, Viaje agradable, Puntualidad",P,2
"Atento y cordial, Viaje agradable, Puntualidad, Wifi/carga de celulares, Servicio de llamadas",P,2
no llego a la ubicaci√≥n ,N,0
Ttttggg,NEU,1
Disculpa,NEU,1
Error al solicitar el taxi,N,0
"Atento y cordial, Viaje agradable, Puntualidad",P,2
Nunca lleg√≥,N,0
Puntualidad,NEU,1
Cancelo,N,0
El tax√≠metro estaba da√±ado ,N,0
Cancelada por Call Center.,N,0
Exceso de precio  ,N,0
Muy bien,P,2
Disculpe ya no va a venir???,N,0
Hhhbhjj,NEU,1
Mala actitud Actitud desagradable,N,0
Jam√°s llego el taxi Nunca lleg√≥,N,0
Muy mala experiencia pesimo servicio y poca calidad humana  ,N,0
no llego la unidad ,N,0
Nunca lleg√≥,N,0
Atento y cordial,P,2
Gracias,P,2
Puntualidad,NEU,1
Actitud desagradable,N,0
mal servicio ,N,0
bsbdndnsnsnsnsns,NEU,1
"Atento y cordial, Viaje agradable, Puntualidad, Wifi/carga de celulares, Servicio de llamadas",P,2
muchas gracias y disculpe ,P,2
Viaje agradable,P,2
Se fue a otro lado Nunca lleg√≥,N,0
Ok ,P,2
Mal servicio,N,0
Amigo no encuentro mis llaves.,NEU,1
Muchas gracias ya no,NEU,1
"Viaje agradable, Puntualidad",P,2
no lleg√≥ otra unidad,N,0
P√©simo servicio Llev√≥ otro cliente,N,0
No llego y llame es un malcriado,N,0
me equivoqu√© ,N,0
Viaje agradable,P,2
Cancelada por Call Center.,N,0
Jsjejsjwjwjwjwjqjwjwne,NEU,1
Vale tres atados como taxi.. Es el peor taxi que me ha llevado... Me dejo botado... Aplique la sanci√≥n adecuada ,N,0
Cancel√≥ solicitud,N,0
UNunca lleg√≥,N,0
Ya tengo otro unidad gracias,NEU,1
No llego  ,N,0
Amigo discukpe estoy en otra direccion  ,NEU,1
Fui en otra unidad,NEU,1
Viaje agradable,P,2
Viaje agradable,P,2
Llev√≥ otro cliente,N,0
Ya llego otro taxi,NEU,1
Atento y cordial,P,2
Atento y cordial,P,2
Me cancel√≥,N,0
P√©simo servicio por favor sancionar,N,0
Cancel√≥ solicitud,N,0
üëç ,P,2
No cumpli√≥ con la carrera,N,0
Mala atenci√≥n no trabaje si no tiene permiso de circulaci√≥n,N,0
Cancel√≥ solicitud,N,0
No gracias,N,0
"Cancel√≥ la carrera sin m√°s, p√©simo servicio",N,0
P√©simo servicio,N,0
No pudo llegar con la ubicaci√≥n que marca el gps,N,0
Cancel√≥ solicitud,N,0
Cancelada por Call Center.,N,0
Viaje agradable,P,2
Atento y cordial,P,2
M√© qued√©,NEU,1
Atento y cordial,P,2
tambi√©n se paso de verga,N,0
Fallido ,N,0
No vino,N,0
Mal servicioNunca lleg√≥,N,0
No ,N,0
Actitud desagradable,N,0
"Atento y cordial, Viaje agradable, Puntualidad, Servicio de llamadas",P,2
Buena ,P,2
Nunca lleg√≥,N,0
P√©simo servicioNunca lleg√≥,N,0
"Atento y cordial, Viaje agradable, Puntualidad",P,2
Nunca lleg√≥,N,0
Precio exagerado  ,N,0
No llego r√°pido  ,N,0
Kycoyxuf7,NEU,1
Buena.  ,P,2
No sllego,N,0
disculpe ya no deseo la unidad,NEU,1
"Me quedare en casa, lo siento ",NEU,1
lo siento alguien equivocado lo pidi√≥ ,NEU,1
Bien ,P,2
"Velocidad excesiva, Cancel√≥ solicitud",N,0
No lleg√≥ ,N,0
Nunca l go ,N,0
"Me tarde demasiado yo, disculpe",N,0
la unidad no lleg√≥ y no pude coger el taxi ,N,0
Cancel√≥ solicitud,N,0
Necesitaba urgente,N,0
"Atento y cordial, Viaje agradable, Puntualidad",P,2
Viaje agradable,P,2
Atento y cordial,P,2
Direccion equivocada,N,0
Atento y cordial,P,2
Puntualidad,NEU,1
"Atento y cordial, Puntualidad",P,2
"Que paso, con la solicitud de la unidad",NEU,1
Ya,NEU,1
Nunca lleg√≥,N,0
Pesimo servicio cancelo la solisitud,N,0
Demasiado lejos para el tiempo reportado ,N,0
Incumplimiento,N,0
Gracias,P,2
mal ubicaci√≥n del √°rea,N,0
Muy buena  ,P,2
Ok,P,2
"Atento y cordial, Puntualidad",P,2
"Guapo el conductor Atento y cordial, Viaje agradable, Puntualidad, Wifi/carga de celulares, Servicio de llamadas",P,2
Nunca lleg√≥ Nunca lleg√≥,N,0
Capacidad de Personas,NEU,1
Cancel√≥ el taxi,N,0
Muy bueno ,P,2
"Atento y cordial, Viaje agradable",P,2
Llev√≥ otro cliente,N,0
est√° demasiado lejos ,N,0
Cancelada por Call Center.,N,0
Atento y cordial,P,2
Atento y cordial,P,2
Super che ver√© el se√±or conducro,P,2
"Ya llego uno, gracias.",NEU,1
Cancel√≥ solicitud,N,0
Puntualidad,NEU,1
Gracias,P,2
Atento y cordial,P,2
Una falta de respeto,N,0
Actitud desagradable,N,0
Bbhhhhhh,NEU,1
Cancelada por Call Center.,NEU,1
Nunca lleg√≥,N,0
Presentaci√≥n personal,N,0
Viaje agradable,N,0
Si lleg√≥,P,2
Que pas√≥ amigo,N,0
L ,NEU,1
Dndndnd,NEU,1
Llev√≥ otro cliente,N,0
Atento y cordial,P,2
Zzzz,NEU,1
üòî ,N,0
√ë√±√±p√±p,NEU,1
Actitud desagradable,N,0
Kbron,N,0
Nunca lleg√≥,N,0
Puntualidad,NEU,1
"ExcelenteAtento y cordial, Puntualidad",P,2
Viaje agradable,P,2
Puntualidad,NEU,1
Pide m√°s tiempo ,N,0
Cancel√≥ solicitud,N,0
No quiso hacer el servicio,N,0
Nunca lleg√≥,N,0
Cambio de direcci√≥n,N,0
Me falta tiempo,NEU,1
Excelente  ,P,2
No voy a utilizar el taxi en este momento muchas gracias,NEU,1
Disculpe gracias ,NEU,1
Viaje agradable,P,2
Puntualidad,NEU,1
Se me presento un inconveniente y no podr√© salir este momento,NEU,1
Hhhhh,NEU,1
Atento y cordial,P,2
"Mal atenci√≥n no lo recomiendo, el se√±or muy apurado y ocupando el tel√©fono mientras maneja ",N,0
Ya aborde otro taxi ,NEU,1
No lleg√≥ Nunca lleg√≥,N,0
Habl√© serio,N,0
Tenia prisa,NEU,1
No viene y deja esperando al usuario ,N,0
Viaje agradable,P,2
Nunca lleg√≥,N,0
"Actitud desagradable, Cobro inadecuado",N,0
Cancel√≥ solicitud,N,0
"Atento y cordial, Viaje agradable, Puntualidad",P,2
P√©simo servicio üò°,N,0
"Viaje agradable, Atento y cordial, Puntualidad",P,2
no llego no llego ,N,0
"Atento y cordial, Viaje agradable, Puntualidad",P,2
JsjdjdVeh√≠culo incorrecto,NEU,1
Finalista ,NEU,1
Estaba con otra carrera  ,NEU,1
Llego otra unidad que minti√≥ que era √©l y no me di cuenta,NEU,1
Nuy ,NEU,1
"Atento y cordial, Puntualidad",P,2
No se para que les dan permisos de trabajar si no saben llegar a una direcci√≥n y la cancelan y hacen,N,0
No llego,N,0
"Atento y cordial, Viaje agradable, Puntualidad",P,2
Actitud desagradable,N,0
Est√° muy lejos la unidad,N,0
Tardo mucho tiempo  ,N,0
Ninguno,NEU,1
Q pas√≥?,N,0
Calle no igresada,NEU,1
Buen servicio gracias Puntualidad,P,2
Atento y cordial,P,2
Viaje agradable,P,2
Perd√≥n,NEU,1
Maleante quer√≠a cobrar mas,N,0
Muy mala el taxi se fue sin explicaci√≥n ,N,0
Tard√≥ mucho,N,0
Mal servicio del sr m cancel la unidad,N,0
No me llevo,N,0
No llego la unidad Cancel√≥ solicitud,N,0
Cancelo la carrera el chofer,N,0
"Lo cancelo, ocurri√≥ un imprevisto",N,0
Exc,NEU,1
"Atento y cordial, Viaje agradable, Puntualidad",P,2
"Atento y cordial, Viaje agradable, Puntualidad",P,2
"Atento y cordial, Viaje agradable, Puntualidad",P,2
No ,NEU,1
"Atento y cordial, Viaje agradable, Puntualidad, Wifi/carga de celulares, Servicio de llamadas",P,2
Gracias,P,2
Atento y cordial,P,2
Se me olvid√≥ mi celular en el taxi y al ratito q me baje de la unidad llame y ya lo sab√≠an apagado xfavor comunicarme con mi l ch√≥fer de la unidad ,N,0
Bien Viaje agradable,P,2
Atento y cordial,P,2
Atento y cordial,P,2
ya no necesito el taxi ,NEU,1
Atento y cordial,P,2
El se√±or tuvo una p√©sima actitud y no me dej√≥ en el lugar correcto Actitud desagradable,N,0
no lleg√≥ no,N,0
Atento y cordial,P,2
"Atento y cordial, Viaje agradable, Puntualidad",P,2
Puntualidad,NEU,1
Viaje agradable,P,2
"Viaje agradable, Puntualidad",P,2
Buena,P,2
demasiado lejos ,N,0
Atento y cordial,P,2
no lkegooooooo,N,0
Muy lento ,N,0
No vinoe hizo esperar yno cancel√≥ a tiempo,N,0
Viaje agradable,P,2
"Atento y cordial, Viaje agradable, Puntualidad",P,2
Cancelada por Call Center.,N,0
Ok ,P,2
P√©simo servicio,N,0
Cancel√≥ solicitud,N,0
Atento y cordial,P,2
Atento y cordial,P,2
Mal,N,0
OkPuntualidad,P,2
Viaje agradable,P,2
Me camcelo la solicitud,N,0
Ya no lo necesito  ,NEU,1
Actitud desagradable,N,0
No llego en el tiempo ,N,0
Me hozo esperar tanto y no llego,N,0
Otro taxo,NEU,1
Atento y cordial,P,2
Viaje agradable,P,2
"Atento y cordial, Viaje agradable, Puntualidad",P,2
Ss√üsssssss,NEU,1
mal servicio ,N,0
Ya lleg√≥ otra unidad m√°s temprano,NEU,1
Mal servicio ,N,0
"Atento y cordial, Viaje agradable, Puntualidad",P,2
Gracias Atento y cordial,P,2
Atento y cordial,P,2
Atento y cordial,P,2
No vino ,N,0
Puntualidad,NEU,1
"Viaje agradable, Puntualidad",P,2
Emergencia personal,NEU,1
no llego la unidad el sistema mando a otra ubicaci√≥n ,N,0
Puntualidad,NEU,1
Lleg√≥ un familiar  ,NEU,1
Puntualidad,NEU,1
Otro taxi,N,0
Puntualidad,NEU,1
No llego,N,0
nunca llego,N,0
"Atento y cordial, Viaje agradable, Puntualidad",P,2
"Cancel√≥ solicitud, Nunca lleg√≥",N,0
Yttyyy,NEU,1
necesito otro,NEU,1
Disculpa ya me recibieron,NEU,1
Cancelada por Call Center.,N,0
P√©simo servicio,N,0
"Atento y cordial, Puntualidad",P,2
La unidad se encuentra demasiado lejos,N,0
Mal servicio,N,0
Cancel√≥ solicitud,N,0
"Atento y cordial, Viaje agradable, Puntualidad",P,2
Atento y cordial,P,2
"Excelente servicio. Muy educadoAtento y cordial, Viaje agradable, Puntualidad",P,2
Cancelada por Call Center.,N,0
Gracias ,P,2
El taxi si llego,P,2
Atento y cordial,P,2
ya consegu√≠ unidad ,NEU,1
Nunca llego la unidadNunca lleg√≥,N,0
Tuve que posponer mi salida,NEU,1
100,NEU,1
Atento y cordial,P,2
"Atento y cordial, Puntualidad",P,2
Aborde otra unidad ,NEU,1
El taxi est√° demasiado lejos y a√∫n as√≠ me manda solicitud. Solo quiere ir al centro. Que p√©simo servicio,NEU,1
Viaje agradable,P,2
mal ubicaci√≥n ,N,0
P√©simo servicio,N,0
Me perece p√©simo que acepten la carrera y despu√©s la cancelen no dan un buen servicio,N,0
Dice que a tres minutos y est√° demasiado lejos,N,0
jdjdjdjddjdjdjdjd,NEU,1
Encontr√© uno,NEU,1
Llev√≥ otro cliente,N,0
Puntualidad,NEU,1
Ya no,NEU,1
Atento y cordial,P,2
Se tom√≥ otra unidad,NEU,1
"Atento y cordial, Viaje agradable, Puntualidad",P,2
ya no nesecito.,NEU,1
Atento y cordial,P,2
la unidad cancelo,N,0
"Atento y cordial, Viaje agradable, Puntualidad",P,2
Atento y cordial,P,2
No tiene vuelto Actitud desagradable,N,0
Ya no necesito,NEU,1
Tngo prisa,NEU,1
Nunca lleg√≥,N,0
Pesimo atenccion,N,0
"Atento y cordial, Viaje agradable, Puntualidad",P,2
Cobro inadecuado,N,0
Cancelada por Call Center.,N,0
No llego Nunca lleg√≥,N,0
No puedo irme aun,NEU,1
Cancelada por Call Center.,N,0
Bien ,P,2
La cliente se fue,N,0
Nunca llego,N,0
No llego,N,0
Me dej√≥ mal y me falt√≥ el respeto ,N,0
Atento y cordial,P,2
Actitud desagradable,N,0
Cancel√≥ solicitud,N,0
No pude ir,N,0
Puntualidad,NEU,1
Error pedi mal,NEU,1
Puntualidad,NEU,1
Reuni√≥n de trabajo,NEU,1
Atento y cordial,P,2
Viaje agradable,P,2
No era la direcci√≥n que marque  ,N,0
sal√≠ muy tarde! lo siento ,NEU,1
"Excelente servicio. Atento y cordial, Viaje agradable, Puntualidad",P,2
"Atento y cordial, Puntualidad",P,2
"Atento y cordial, Viaje agradable, Puntualidad, Servicio de llamadas",P,2
Puntualidad,NEU,1
No hizo la encomienda ,N,0
Atento y cordial,P,2
Usuarios cancela unidad,NEU,1
Viaje agradable,P,2
Mal servicio  no cumple ni tampoco tiene la paciencia en colaborar mientras uno siempre utiliza.,N,0
Malo  ,N,0
Atento y cordial,P,2
Veh√≠culo incorrecto,NEU,1
Pesimo servicio,N,0
Mala,N,0
"Atento y cordial, Puntualidad",P,2
Viaje agradable,P,2
Viaje agradable,P,2
Viaje agradable,P,2
Cancel√≥ solicitud,N,0
Mal direcci√≥n,N,0
Buenos d√≠as les pongo claro explicando la di tec y no llegan ,N,0
Puntualidad,NEU,1
Atento y cordial,P,2
Excelente ,P,2
"Atento y cordial, Viaje agradable, Puntualidad",P,2
Viaje agradable,P,2
Excelente ,P,2
Llev√≥ otro cliente,N,0
Se tarda mucho,N,0
No necesito,NEU,1
"Atento y cordial, Viaje agradable, Puntualidad",P,2
la unidad no lleg√≥ ,N,0
"Atento y cordial, Viaje agradable, Puntualidad",P,2
se cancel√≥ el servicio por motivos ajenos ,N,0
Puntualidad,NEU,1
Atento y cordial,P,2
Mal funcionamiento de la aplicaci√≥n,N,0
Viaje agradable,P,2
"Deber√≠an ser mas emp√°ticos, optan por el camino m√°s largo, no se si para cobrar m√°s o qu√©! Pero a veces vamos con el tiempo justo.. ",N,0
Atento y cordial,P,2
Nunca lleg√≥,N,0
Puntualidad,NEU,1
Cancel√≥,N,0
Puntualidad,NEU,1
"Atento y cordial, Viaje agradable, Puntualidad",P,2
"Atento y cordial, Viaje agradable, Puntualidad",P,2
Ok ,P,2
Ingrese su comentario,NEU,1
El tiempo de espera de la solicitud ha caducado,N,0
no pude esperar,NEU,1
Viaje agradable,P,2
En otro lado ,NEU,1
Mal la ubicaci√≥n,N,0
Tener cambio (sueltos),NEU,1
no lleg√≥ el taxi ,N,0
Muy lejos,N,0
nsjdnsjsjsdj,NEU,1
No mleg√≥,N,0
No me ubica,N,0
"Atento y cordial, Puntualidad",P,2
Buen servicio ,P,2
"Viaje agradable, Puntualidad",P,2
Servicio de llamadas,NEU,1
Viaje agradable,P,2
Mal la direcci√≥n,N,0
Gracias ya ocupamos otra unidad .  ,NEU,1
Me dijo que pida otro,NEU,1
Gracias  ,P,2
Nunca lleg√≥,N,0
üëç ,P,2
"Atento y cordial, Viaje agradable, Puntualidad, Wifi/carga de celulares, Servicio de llamadas",P,2
Viaje agradable,P,2
no llega la unidad asignada ,N,0
Nunca lleg√≥,N,0
Servicio de llamadas,NEU,1
Puntualidad,NEU,1
Ya no necesito,NEU,1
Actitud desagradable,N,0
Buena ,P,2
"Atento y cordial, Viaje agradable, Puntualidad",P,2
Atento y cordial,P,2
"Servicio de llamadas, Viaje agradable",P,2
La persona que iba a usar el servicio tom√≥ otra unidad por equivocaci√≥n mientras esperaba afuera,NEU,1
Cancelada por Call Center.,N,0
"Atento y cordial, Viaje agradable, Puntualidad",P,2
Llego otra unidad,NEU,1
la unidad no lleg√≥ ,N,0
Puntualidad,NEU,1
Tuve un inconveniente.,NEU,1
Mal,N,0
No me hizo la carrera porque no ten√≠a suelto m√°s espere envano  ,N,0
Viaje agradable,P,2
Ya no requiero,NEU,1
Atento y cordial,P,2
Nada malo,NEU,1
Cancel√≥ solicitud,N,0
YA no deseo,NEU,1
La operadora cancela al tener unidad asignada.,N,0
"Atento y cordial, Viaje agradable, Puntualidad",P,2
"Cancel√≥ solicitud, Nunca lleg√≥",N,0
Tard√≥ m√°s del tiempo estimado ,N,0
Ya encontre taci,NEU,1
Cancel√≥ solicitud,N,0
Cancel√≥ solicitud,N,0
Se fueCancel√≥ solicitud,N,0
El sr se niega a dar el servicio ,N,0
Buen servicio Presentaci√≥n personal,P,2
Ks ,NEU,1
Me confundi,NEU,1
Nunca vino,N,0
P√©simo servicio  ,N,0
No lleg√≥,N,0
No ,NEU,1
Cancel√≥ solicitud,N,0
Yo cancelo la solicitud ,N,0
"Atento y cordial, Viaje agradable, Puntualidad",P,2
Hecror en direcci√≥n,N,0
"Atento y cordial, Viaje agradable, Puntualidad",P,2
Atento y cordial,P,2
"Atento y cordial, Viaje agradable, Puntualidad",P,2
Muy lejos,N,0
Bu no ,P,2
Bueno,P,2
Nunca lleg√≥,N,0
Bueno ,P,2
Atento y cordial,P,2
Actitud desagradable,N,0
JhsjssNunca lleg√≥,N,0
hjfkhuggujhg bifhlln lhfhn,NEU,1
Cancel√≥ solicitud,N,0
La ,NEU,1
Nunca llego,N,0
Si no quieren trabajar no salgan y dejen de hacerse la burla y perjudicar a la gente,N,0
Otros,NEU,1
"Atento y cordial, Viaje agradable, Puntualidad",P,2
"Atento y cordial, Puntualidad",P,2
perdooonnnn,NEU,1
Tener cambio (sueltos),NEU,1
ok ,P,2
Emosionante ,NEU,1
Viaje agradable,P,2
"Muy amable y educado gracias Atento y cordial, Viaje agradable, Puntualidad",P,2
la ubicaci√≥n de la aplicaci√≥n est√° equivocada ,N,0
bbllkkjjjhh,NEU,1
la unidad est√° muy lejos no llega en el tiempo indicado ,N,0
Puntualidad,NEU,1
Recojo otro pasajero,N,0
"Atento y cordial, Viaje agradable, Puntualidad, Wifi/carga de celulares, Servicio de llamadas",P,2
demora mucho,N,0
Atento y cordial,P,2
Muy lejos,N,0
Atento y cordial,P,2
Atento y cordial,P,2
Cancel√≥ solicitud,N,0
Puntualidad,NEU,1
Nunca lleg√≥,N,0
Me equivoque,NEU,1
No pude salir ,NEU,1
"Me vienen a buscar, disculpas",NEU,1
Gracias  ,P,2
"Atento y cordial, Puntualidad",P,2
"Atento y cordial, Viaje agradable, Puntualidad",P,2
Atento y cordial,P,2
El clima,NEU,1
Mal servicio,N,0
Falta de profecionalismo,N,0
"Atento y cordial, Puntualidad, Viaje agradable",P,2
Bien gracias  ,P,2
Para eso era que avise antes,N,0
Nunca lleg√≥,N,0
Atento y cordial,P,2
Nunca lleg√≥,N,0
Ok ,P,2
O ,NEU,1
No llegoNunca lleg√≥,N,0
No llega ,N,0
Nunca confirm√≥ y no me aviso que cancelaria el servicio,N,0
Nunca lleg√≥  ,N,0
tuve un inconveniente ,NEU,1
Que falta de profesionalismo,N,0
Atento y cordial,P,2
"Atento y cordial, Viaje agradable",P,2
P√©simo,N,0
Demora,NEU,1
"Atento y cordial, Wifi/carga de celulares",P,2
Puntualidad,NEU,1
Di mal direccion,NEU,1
Atento y cordial,P,2
Lleg√≥ una emergencia a piso y est√° mk firma,NEU,1
Atento y cordial,P,2
Atento y cordial,P,2
Nunca lleg√≥,N,0
"Atento y cordial, Viaje agradable, Puntualidad",P,2
Muy bueno ,P,2
Excelente ,P,2
Ya no necesito,NEU,1
ladirecci√≥n se cargo incorrectamente ,NEU,1
Porque no vino,N,0
Nunca llego,N,0
No llego  ,N,0
Hfvhjj,NEU,1
Demasiado tr√°fico,NEU,1
Lejania,N,0
Pedido por ni√±o,NEU,1
Mal servicio,N,0
Puntualidad,NEU,1
.... ,NEU,1
"Atento y cordial, Viaje agradable",P,2
Falta de datos,NEU,1
No responde p√©simo servicio,N,0
Cancel√≥ solicitud,N,0
Cancel√≥ solicitud,N,0
Llev√≥ otro cliente,N,0
Puntualidad,NEU,1
Puntualidad,NEU,1
Cancel√≥ solicitud,N,0
no llego a la ubicaci√≥n ,N,0
Atento y cordial,P,2
Puntualidad,NEU,1
Actitud desagradable,N,0
emergencia familiar ,NEU,1
Mmmggcff,NEU,1
Even espera Nunca lleg√≥,N,0
Puntualidad,NEU,1
Nunca lleg√≥,N,0
P√©simo servicio,N,0
Viaje agradable,P,2
no deseo el servicio ,NEU,1
Nunca lleg√≥,N,0
Viaje agradable,P,2
"Atento y cordial, Viaje agradable",P,2
Puntualidad,NEU,1
"Espere 15 minutos y nunca llego que clase de servicio es este, ni siquiera contestan ",N,0
"Muy gentil, esper√≥ que me abrieran la puerta. Atento y cordial, Viaje agradable, Puntualidad",P,2
Viaje agradable,P,2
"Cancel√≥ solicitud, Nunca lleg√≥",N,0
Nunca lleg√≥,N,0
Sin papel dice ,NEU,1
Viaje agradable,P,2
Cancel√≥ solicitud,N,0
Viaje agradable,P,2
Puntualidad,NEU,1
Viaje agradable,P,2
Servicio de llamadas,NEU,1
1000 diaculpas,NEU,1
"Atento y cordial, Viaje agradable, Puntualidad, Wifi/carga de celulares, Servicio de llamadas",P,2
Atento y cordial,P,2
"Atento y cordial, Viaje agradable",P,2
Herror,NEU,1
No s√© va,NEU,1
Cancel√≥ solicitud,N,0
"Atento y cordial, Puntualidad",P,2
Se demoro,N,0
Cancelada por Call Center.,N,0
Cancel√≥ solicitud,N,0
surgi√≥ un inconveniente ,N,0
Cobro m√°s de lo que era y se fue por un camino m√°s largoCobro inadecuado,N,0
disculpe ya no necesitamos ,NEU,1
buena ,P,2
"Viaje agradable, Puntualidad, Atento y cordial",P,2
Muy buena persona excelente choferViaje agradable,P,2
BuenaCancel√≥ solicitud,N,0
"Velocidad excesiva, Llev√≥ otro cliente",N,0
Viaje agradable,P,2
Nunca lleg√≥,N,0
"Cancel√≥ solicitud, Nunca lleg√≥",N,0
"Atento y cordial, Viaje agradable, Puntualidad",P,2
Nunca lleg√≥Nunca lleg√≥,N,0
Puntualidad,NEU,1
Ok ,P,2
"Atento y cordial, Viaje agradable, Puntualidad",P,2
yo equivoqu√© ,NEU,1
Nunca lleg√≥,N,0
Le dije por las Americas incluso le dije que para evitar √©l traficoQue se gu√≠e mejor en el mapa,N,0
Nunca lleg√≥,N,0
no llego ........,N,0
Cancel√≥ solicitud,N,0
Lo peor muy impaciente,N,0
Mal servicio cancelar ya aceptada la carrera.,N,0
"Atento y cordial, Viaje agradable, Puntualidad",P,2
"Cancel√≥ solicitud, Nunca lleg√≥",N,0
"Me cancel√≥ la solicitud estaba esperando hace ratoCancel√≥ solicitud, Actitud desagradable",N,0
no lleg√≥ la unidad ,N,0
No saldr√©,NEU,1
Puntualidad,NEU,1
Bueno  ,P,2
Atento y cordial,P,2
"GraciasAtento y cordial, Viaje agradable, Puntualidad",P,2
Atento y cordial,P,2
est√° muy lejos ,N,0
ya no pude tomar ese taxi porque le di mal ladirecci√≥n ,NEU,1
"Atento y cordial, Viaje agradable, Puntualidad",P,2
Viaje agradable,P,2
El taxi est√° lejos no llegar√° en el tiempo indicado,N,0
.........,NEU,1
no llega la unidad,N,0
P√©simo,N,0
se desvi√≥ de la ubicaci√≥n ,N,0
Viaje agradable,P,2
Cancelada por Call Center.,N,0
"Cancel√≥ solicitud, Nunca lleg√≥",N,0
La operadora cancela al tener unidad asignada.,N,0
No llego en el tiempo esperado  ,N,0
esta demasiado lejos y no va a llegar en dos minutos ,N,0
mal ubicaci√≥n ,N,0
No llegueNunca lleg√≥,N,0
Cancelar,N,0
Actitud desagradable,N,0
No llega  ,N,0
Ya no es necesario,NEU,1
Puntualidad,NEU,1
"Lo siento, cancelo.",N,0
Uso tel√©fono hablo/chat,N,0
 No pude tomar el taxi tengo una urgencia gracias ,NEU,1
Nunca lleg√≥,N,0
Excelente ,P,2
.l.,N,0
Nunca lleg√≥,N,0
"Atento y cordial, Viaje agradable, Puntualidad",P,2
........Cancel√≥ solicitud,N,0
"Atento y cordial, Viaje agradable, Puntualidad",P,2
No quiero taxii,NEU,1
Problema aparte,NEU,1
Viaje agradable,P,2
"Atento y cordial, Viaje agradable, Puntualidad",P,2
Actitud desagradable,N,0
Se me present√≥ una energ√≠a y no puedo salir,NEU,1
Buen servicio  ,P,2
Buen servicio ,P,2
"Atento y cordial, Viaje agradable, Puntualidad",P,2
Atento y cordial,P,2
Ubicaci√≥n equivocada,N,0
Atento y cordial,P,2
"Muy mal servicio, segunda ocasi√≥n que me cancela la carrera",N,0
excelente jajajaja lelelkeneoe,P,2
Se fue,N,0
No lleg√≥ ,N,0
Que cobre lo justo,N,0
Puntualidad,NEU,1
mal ubicaci√≥n ,N,0
ya no quiero taxi,NEU,1
El tax√≠metro estaba alterado el conductor se puso en actitud agresiva  ,N,0
Viaje agradable,P,2
Atento y cordial,P,2
Bien ,P,2
Y,NEU,1
Cancela solicitud,N,0
Hsgajfbfnnf,NEU,1
Quiso cobrar dem√°s de la tarifa ,N,0
Bueno,P,2
No quiero,NEU,1
Encontre un taxi,NEU,1
inconvenientes con la direccion seleccionada,NEU,1
Bueno Atento y cordial,P,2
Velocidad excesiva,N,0
"SjsbjabajsbajsbwisVelocidad excesiva, Cancel√≥ solicitud",NEU,1
GPS no marca bien la direcci√≥n  ,NEU,1
Puntualidad,NEU,1
Solicitamos deliver y no contaba con efectivo aparte de eso llego a la direcci√≥n que no era la correcta ,N,0
error en direcci√≥n ,NEU,1
Viaje agradable,P,2
Lo siento,NEU,1
.......,NEU,1
Ya no quiero,NEU,1
Atento y cordial,P,2
"Atento y cordial, Viaje agradable, Puntualidad, Wifi/carga de celulares",P,2
Puntualidad,NEU,1
Me vienen a ver,NEU,1
Cancelada por Call Center.,N,0
Buen servicio ,P,2
Nunca lleg√≥,N,0
Nunca lleg√≥,N,0
"Atento y cordial, Viaje agradable, Puntualidad",P,2
"Atento y cordial, Viaje agradable, Puntualidad",P,2
Viaje agradable,P,2
Nunca llego Nunca lleg√≥,N,0
Ya me fui,NEU,1
Puntualidad,NEU,1
Actitud desagradable,N,0
"Atento y cordial, Viaje agradable, Puntualidad",P,2
Cancel√≥ solicitud,N,0
no hay nadieeeeeeeeseee,N,0
"Esta demaciado lejos, perd√≥n",N,0
Atento y cordial,P,2
No fue capaz de esperar a una persona con silla de ruedas mal servicio e impaciente el ch√≥fer,N,0
√ë,NEU,1
Muy buena  ,P,2
"Atento y cordial, Viaje agradable",P,2
"Puntualidad, Atento y cordial, Viaje agradable",P,2
Viaje agradable,P,2
Atento y cordial,P,2
"Atento y cordial, Viaje agradable, Puntualidad",P,2
Estoy de prisa,NEU,1
P√©simo Nunca lleg√≥,N,0
Bien ,NEU,1
Llev√≥ otro cliente,N,0
Cancel√≥ solicitud,N,0
Bn,NEU,1
No llego,N,0
Al querer abordar el taxi ya estaba otro pasajero Llev√≥ otro cliente,N,0
Atento y cordial,P,2
No me puedo irUso tel√©fono habl√≥/chat,NEU,1
Nunca lleg√≥,N,0
Wifi/carga de celulares,NEU,1
No llega ,N,0
"Atento y cordial, Viaje agradable, Puntualidad, Wifi/carga de celulares, Servicio de llamadas",P,2
No llego,NEU,1
"Atento y cordial, Viaje agradable, Puntualidad",P,2
"Atento y cordial, Viaje agradable, Puntualidad",P,2
Person.me llefan a ver ,NEU,1
"Mil disculpas, mi abuelo hizo doble llamada.  ",NEU,1
Coji otro taxi,NEU,1
no veo el taxi,NEU,1
Ejkdkdke ,NEU,1
Viaje agradable,P,2
Estaba con el tiempo disculpas,NEU,1
No llego Nunca lleg√≥,N,0
Viaje agradable,P,2
Viaje agradable,P,2
Tuve una emergencia tuve que tomar otro taxi mil disculpas ,NEU,1
Llego otro transporte,NEU,1
Nada,NEU,1
mal la direcci√≥n ,NEU,1
Actitud desagradable,N,0
Puntualidad,NEU,1
no entiendo su App,NEU,1
"Atento y cordial, Viaje agradable, Puntualidad",P,2
Nunca lleg√≥,N,0
"Cancel√≥ solicitud, Nunca lleg√≥",N,0
Nunca lleg√≥ donde marque el gps,N,0
Cancel√≥ solicitud,N,0
Ggtvhgdhh,NEU,1
No lleg√≥ el conductor,N,0
Fgh ,NEU,1
Localidad incorrecta Cancel√≥ solicitud,N,0
Servicio de llamadas,NEU,1
Cambio localidad Cancel√≥ solicitud,N,0
No ten√≠a medidas de bio seguridad s√≥lo ten√≠a barbijo,N,0
"Atento y cordial, Viaje agradable, Puntualidad",P,2
Nunca lleg√≥,N,0
Encontre movilidad particular,NEU,1
"No andaba solo, sino con otra persona",N,0
Atento y cordial,P,2
Atento y cordial,P,2
Cancelar,NEU,1
Se me acabaron los datos,NEU,1
Viaje agradable,P,2
Cancel√≥ solicitud,N,0
Atento y cordial,P,2
Nunca llegoNunca lleg√≥,N,0
Mal pedido de ubicaci√≥n,NEU,1
La operadora cancela al tener unidad asignada.,N,0
"Atento y cordial, Viaje agradable, Puntualidad",P,2
Incumplida,N,0
Puntualidad,NEU,1
Me demoro tuve un  inconveniente,NEU,1
Ya no necesito,N,0
Puntualidad,NEU,1
No llego Nunca lleg√≥,NEU,1
Atento y cordial,P,2
Nunk lleg√≥ Nunca lleg√≥,N,0
"Viaje agradable, Puntualidad",P,2
Nunca llego Nunca lleg√≥,N,0
"Atento y cordial, Puntualidad",P,2
Mal la direcci√≥n,NEU,1
Mal la direcci√≥n,NEU,1
Cancelada por Call Center.,N,0
esta muy lejos ,N,0
Cancel√≥ solicitud,N,0
Llev√≥ otro cliente,N,0
Atento y cordial,P,2
"Viaje agradable, Atento y cordial, Puntualidad",P,2
la unidad no llego,N,0
Wifi/carga de celulares,NEU,1
No voy a viajar gracias,NEU,1
Apuro,NEU,1
"Atento y cordial, Puntualidad",P,2
bien,P,2
Cancelada por Call Center.,N,0
Gracias ,P,2
La aplicaci√≥n no respondia,NEU,1
Estoy de apuro,NEU,1
nunca llego la unidad ,N,0
Nunca lleg√≥,N,0
Excelente  ,P,2
Viaje agradable,P,2
Error al pedir taxi,NEU,1
...............,NEU,1
No llego  ,N,0
Viaje agradable,P,2
Cancel√≥ solicitud,N,0
"Atento y cordial, Viaje agradable, Puntualidad",P,2
No llego,N,0
Actitud desagradable,N,0
La unidad tard√≥ m√°s de lo debido ,N,0
Gracias perd√≥n  ,NEU,1
Noooo ..!!!!!!!!!! Nunca lleg√≥,N,0
nada de nada,N,0
Buena ,P,2
Puntualidad,NEU,1
Ya me fui,NEU,1
No necesito gracias,NEU,1
NnnnnnnCancel√≥ solicitud,N,0
Cancel√≥ solicitud,N,0
Otros,NEU,1
Mal servicio,N,0
No todav√≠a,N,0
Mas luego voy a solicitar,NEU,1
Cancelada por Call Center.,N,0
Otra dureccion se√±or,NEU,1
Cancel√≥ solicitud,N,0
Nunca lleg√≥,N,0
Puntualidad,NEU,1
1 lark ,NEU,1
La unidad se fue a otra direcci√≥n,N,0
Ok ,P,2
Viaje agradable,P,2
"Buen taxista, no pude abordar al taxi por incovenientes en mi residencia, desculpe. ",P,2
Nunca lleg√≥,N,0
Atento y cordial,P,2
Cancel√≥ solicitud,N,0
Atento y cordial,P,2
Atento y cordial,P,2
Cancel√≥ solicitud,N,0
Puntualidad,NEU,1
"Atento y cordial, Viaje agradable, Puntualidad",P,2
Pesimo servicio confirma y luego cancela  ,N,0
"Atento y cordial, Viaje agradable, Puntualidad",P,2
Nunca lleg√≥,N,0
P√©simo servicio 2 unidades y ninguna de ellas llega  ,N,0
Puntualidad,NEU,1
No nos realiz√≥ la carrera Actitud desagradable,N,0
Puntualidad,NEU,1
No llego,N,0
No llego ,N,0
Viaje agradable,P,2
demora 10 minutos ,N,0
Limpieza de veh√≠culo,N,0
Cancel√≥ solicitud,N,0
OK        b,P,2
"Atento y cordial, Viaje agradable, Puntualidad",P,2
Nunca lleg√≥,N,0
Me voy a demorar disculpe,NEU,1
Atento y cordial,P,2
Puntualidad,NEU,1
"P√©simo servicio, no me vuelvan a mandar a √©ste conductor irresponsable...!",N,0
"Atento y cordial, Viaje agradable, Puntualidad",P,2
Puntualidad,NEU,1
No llego Nunca lleg√≥,N,0
"Atento y cordial, Viaje agradable, Puntualidad, Wifi/carga de celulares, Servicio de llamadas",P,2
Que se gu√≠e mejor en el mapa,N,0
Se me present√≥ un imprevisto.. mil disculpas,NEU,1
.............,NEU,1
No vino a la casa ,N,0
"Atento y cordial, Puntualidad",P,2
mala nunca llego,N,0
Atento y cordial,P,2
Tome un taxi que lleg√≥ m√°s r√°pido,NEU,1
Buena  ,P,2
Atento y cordial,P,2
Puntualidad,NEU,1
esta en otra direcci√≥n ,N,0
Viaje agradable,P,2
Atento y cordial,P,2
tengo prisa ,NEU,1
cancelar unidad ,NEU,1
Que se gu√≠e mejor en el mapa,N,0
Ya no,NEU,1
Viaje agradable,P,2
ya pasaron por mi ...hermano,NEU,1
Muy eficiente gracias  ,P,2
Si llego ,P,2
Se encuentra muy lejos,N,0
Perdone,NEU,1
Exelente  ,P,2
Gracias,P,2
Nunca lleg√≥,N,0
 Puntualidad,NEU,1
Bueno ,P,2
si llego el taxi un excelente servicio ,P,2
Ya no estaba trabajando  ,NEU,1
Tiempo ,NEU,1
"Atento y cordial, Viaje agradable",P,2
Atento y cordial,P,2
Nunca lleg√≥,N,0
Puntualidad,NEU,1
Viaje agradable,P,2
"Ya estaba en el taxi que acept√≥ y no se por qu√©, me mandaron otro mas. Supongo que error de la aplicaci√≥n. Todo bien con el primer auto.",N,0
Cancel√≥,N,0
nunca llegoooooo,N,0
Puntualidad,,1
No es serio en la carrera,N,0
est√° en otra direcci√≥n ,N,0
Est√° lejos,N,0
Muy gentil,P,2
Cancelada por Call Center.,N,0
"Atento y cordial, Puntualidad",P,2
No llevo 4 pasajeros,N,0
Trato al cliente,NEU,1
Atento y cordial,P,2
Report√≥ que no puede llegar,N,0
Direcci√≥n errada,N,0
Nunca lleg√≥,N,0
Nunca lleg√≥. P√©simo servicio .,N,0
1,NEU,1
"Atento y cordial, Viaje agradable, Puntualidad",P,2
Cancel√≥ solicitud,N,0
Atento y cordial,P,2
Inconveniente personal,NEU,1
Nunca lleg√≥,N,0
diligencias ,NEU,1
Cancel√≥ solicitud,N,0
........................,NEU,1
Cancelan la carrera y hacen perder bastante tiempo sean m√°s serios y centrados si no van a poder,N,0
Mal servicio no quiso llevar amk hijo adelante est√°bamos 4 personas ,N,0
Viaje agradable,P,2
Nunca lleg√≥,N,0
Cancelada por Call Center.,N,0
aaaaaaaaaaaaaaa,NEU,1
No llego Nunca lleg√≥,N,0
Atento y cordial,P,2
ya deje deje ,N,0
"Atento y cordial, Viaje agradable, Puntualidad",P,2
"El se√±or reinicia tax√≠metro sin terminar la carrera y quiere cobrar 3$ cuando sale 2,34$ precio app",N,0
Muy bien recuerda que la puntualidad es el √©xito  ,P,2
Nunca lleg√≥,N,0
Atento y cordial,P,2
Cancelada por Call Center.,N,0
Atento y cordial,P,2
. Viaje agradable,P,2
ME CONFUND√ç DE UNIDAD DE KTAXI ,NEU,1
Nunca lleg√≥,N,0
"Me cancel√≥, que poco profesional",N,0
Viaje agradable,P,2
Me amenaz√≥ e insulto  ,N,0
Ya no requiero el servicio,NEU,1
Mal servicio,N,0
"Atento y cordial, Viaje agradable, Puntualidad",P,2
Atento y cordial,P,2
Puntualidad,NEU,1
P√©simo servicio,N,0
Atento y cordial,P,2
XdNunca lleg√≥,N,0
Viaje agradable,P,2
Atento y cordial,P,2
no lleg√≥ el taxi y ya no pudimos llegar pronto ,N,0
Ok ,P,2
No llego,N,0
NelCancel√≥ solicitud,N,0
P√©simo servicio Veh√≠culo incorrecto,N,0
Puntualidad,NEU,1
Viaje agradable,P,2
super bueno el servicio,P,2
Cancel√≥ solicitud,N,0
Que cobre lo justo,N,0
Mala educaci√≥n,N,0
Viaje agradable,P,2
"Puntualidad, Atento y cordial, Viaje agradable",P,2
Cancel√≥ solicitud,N,0
No pudo llegar,N,0
Puntualidad,NEU,1
Trato al cliente,NEU,1
Atento y cordial,P,2
No llego ,N,0
"Atento y cordial, Viaje agradable, Puntualidad",P,2
No llego,P,2
gracias no llego ,N,0
"Cancelo la carrera, despu√©s de tomarla.",N,0
Atento y cordial,P,2
Porque nunca llego ,N,0
Nunca lleg√≥,N,0
Actitud desagradable,N,0
Ya lleg√≥ el taxi ,NEU,1
Viaje agradable,P,2
Puntualidad,NEU,1
"Atento y cordial, Puntualidad, Servicio de llamadas",P,2
"JAM√ÅS LLEGO Cancel√≥ solicitud, Nunca lleg√≥",N,0
Viaje agradable,P,2
Ya m llegaron a ver,NEU,1
Viaje agradable,P,2
si si aajjajaj,NEU,1
coloqu√© mal el destino ,NEU,1
Trato al cliente,NEU,1
Mal gps,NEU,1
üëç ,P,2
Atento y cordial,P,2
"Atento y cordial, Viaje agradable, Puntualidad",P,2
No llego ,N,0
Wifi/carga de celulares,NEU,1
Mala Arencion,N,0
Atento y cordial,P,2
0,NEU,1
Jur√≠dicaCancel√≥ solicitud,N,0
9,NEU,1
Actitud desagradable,N,0
Atento y cordial,P,2
por error de direcci√≥n ,NEU,1
Nunca lleg√≥,N,0
Viaje agradable,P,2
Atento y cordial,P,2
Puntualidad,NEU,1
E ,NEU,1
No llego en su tiempo ,N,0
"Atento y cordial, Viaje agradable, Puntualidad, Wifi/carga de celulares, Servicio de llamadas",P,2
Siempre cansela mal pesimo,N,0
Que pas√≥ pana,NEU,1
Gracias ,P,2
Atento y cordial,P,2
Otro taxi,NEU,1
Hwhsksv,NEU,1
"Lo siento, ya no necesito la unidad ",NEU,1
Cancel√≥ solicitud,N,0
No necesuto,NEU,1
Servicio de llamadas,NEU,1
Nunca llego,N,0
Pesimo servicio  ,N,0
P√©simo servicio  ,N,0
Ya no deseo,NEU,1
Cancelada por Call Center.,N,0
Atento y cordial,P,2
Me equivoqu√©,NEU,1
Cancel√≥ solicitud,N,0
Mala atencion Actitud desagradable,N,0
"Atento y cordial, Viaje agradable, Puntualidad",P,2
Atento y cordial,P,2
Me llegaron. A ver,NEU,1
Atento y cordial,P,2
Nunca lleg√≥,N,0
Atento y cordial,P,2
"Atento y cordial, Puntualidad",P,2
Actitud desagradable,N,0
Nunca llego a la ubicaci√≥n indicada,N,0
"Atento y cordial, Viaje agradable",P,2
Puntualidad,NEU,1
"Atento y cordial, Puntualidad",P,2
üëç ,P,2
Hakanans,NEU,1
Nada,NEU,1
"Atento y cordial, Viaje agradable, Puntualidad",P,2
Servicio de llamadas,NEU,1
Viaje agradable,P,2
Viaje agradable,P,2
"Muy cordial el conductorAtento y cordial, Viaje agradable, Puntualidad",P,2
Atento y cordial,P,2
Cancel√≥ solicitud,N,0
Viaje agradable,P,2
Servicio de llamadas,NEU,1
Necesito q me env√≠e otra unidad,NEU,1
Necesito q me ayude con otra unidad,NEU,1
Urgencia,NEU,1
Atento y cordial,P,2
Puntualidad,NEU,1
No espero nisiquera 5 min Cancel√≥ solicitud,N,0
Actitud desagradable,N,0
Cancel√≥ solicitud,N,0
No deseo,N,0
Disculpe ya no necesito,NEU,1
Bueno ,P,2
Cancela la carrera,N,0
"Atento y cordial, Viaje agradable, Puntualidad, Wifi/carga de celulares, Servicio de llamadas",P,2
Cancel√≥ solicitud,N,0
Otros,NEU,1
No pudo llegar,N,0
Disculpe no necesito,NEU,1
Buen servicio  ,P,2
No ,NEU,1
Mala,N,0
Cancelada por Call Center.,N,0
Necesito hacer otra,NEU,1
Vale verga,N,0
No llego,N,0
"Atento y cordial, Viaje agradable, Puntualidad",P,2
Actitud desagradable,N,0
No llego Nunca lleg√≥,N,0
ubicaci√≥n err√≥nea,N,0
No llegoNunca lleg√≥,N,0
Nunca lleg√≥,N,0
Bien,P,2
No cumple,N,0
tardo demasiado ,N,0
Que mal servicio,N,0
Mal servicio ,N,0
Has hace perder perder tiempo ,N,0
"El se√±or no nos quiso llevar Veh√≠culo incorrecto, Actitud desagradable",N,0
Me vinieron a ver mil disculpas ,NEU,1
Nunca lleg√≥,N,0
Puntualidad,NEU,1
Gracias ,P,2
Buena  atenci√≥n,P,2
Cancel√≥ solicitud,N,0
"Muy buen conductor se le agradece Atento y cordial, Viaje agradable, Puntualidad, Wifi/carga de celulares",P,2
Poca experiencia con el gpsQue se gu√≠e mejor en el mapa,NEU,1
Tener cambio (sueltos),N,0
Ok,P,2
No llego Nunca lleg√≥,N,0
Fueron dos minutos pero pas√≥ m√°s del tiempo establecido ,N,0
Atento y cordial,P,2
Viaje agradable,P,2
No necesito la unidad.,NEU,1
Bien ,P,2
Nunca lleg√≥,N,0
Viaje agradable,P,2
"Atento y cordial, Viaje agradable, Puntualidad",P,2
Bien ,P,2
Viaje agradable,P,2
La cancele porque en mi celular la direccion no era la correcta,NEU,1
"Atento y cordial, Puntualidad",P,2
No necesito,NEU,1
La aplicaci√≥n dio mal la direcci√≥n,NEU,1
"Viaje agradable, Puntualidad",P,2
Mal servicio es la segundo vez q no llega,N,0
"Atento y cordial, Viaje agradable, Puntualidad",P,2
Que mal,N,0
Cancel√≥ solicitud,N,0
Pesimo servicio.. Necesitaba el taxi de urgencia,N,0
Atento y cordial,P,2
Viaje agradable,P,2
Puntualidad,NEU,1
Puntualidad,NEU,1
Atento y cordial,P,2
no aparece la unidad en el mapa ,NEU,1
Viaje agradable,P,2
Nunca lleg√≥,N,0
Cancelo,N,0
Gravias ,P,2
"Viaje agradable, Atento y cordial, Puntualidad",P,2
Puntualidad,NEU,1
Nunca lleg√≥,N,0
Atento y cordial,P,2
No llegoNunca lleg√≥,N,0
P√©simo servicio del conductor,N,0
"Atento y cordial, Viaje agradable, Puntualidad",P,2
"Atento y cordial, Viaje agradable, Puntualidad, Wifi/carga de celulares, Servicio de llamadas",P,2
Buen servicio y precio justo...gracias seguro volver√© a utilizar  ,P,2
Viaje agradable,P,2
mucho se demor√≥ el conductor ,N,0
"Atento y cordial, Viaje agradable, Puntualidad",P,2
. ,NEU,1
hable bien,NEU,1
"Atento y cordial, Viaje agradable, Puntualidad",P,2
Nunca lleg√≥,N,0
Solicito cancelaci√≥n,N,0
Puntualidad,NEU,1
......,NEU,1
Error del usuario,N,0
Atento y cordial,P,2
"Atento y cordial, Viaje agradable, Puntualidad, Wifi/carga de celulares, Servicio de llamadas",P,2
Viaje agradable,P,2
Wifi/carga de celulares,NEU,1
Ya no necesito,NEU,1
la unidad no lleg√≥ ,N,0
Buena ,P,2
Mal ,N,0
"Atento y cordial, Viaje agradable, Puntualidad",P,2
Viaje agradable,P,2
Estuvimos esperando ,NEU,1
No se mueve ,N,0
Excelente servicio ,P,2
Mal sercicio,N,0
Viaje agradable,P,2
p√©simo servicio ,N,0
equivocado ,NEU,1
Cancelar solicitud,N,0
BienAtento y cordial,P,2
Ok ,P,2
no llego el taxi ,N,0
Gravias  ,P,2
Nunca lleg√≥,N,0
Puntualidad,NEU,1
La unidos pidi√≥ suspender,N,0
Urgencia ,NEU,1
Atento y cordial,P,2
No encuentro la unidad,N,0
En espera,NEU,1
Excelente  ,P,2
Atento y cordial,P,2
Ya no deseo el servicio,NEU,1
Aun no estoy lista,NEU,1
no llego el veh√≠culo ,N,0
"Viaje agradable, Puntualidad",P,2
Excelente  ,P,2
Cancel√≥ solicitud,N,0
No llega,N,0
"Atento y cordial, Viaje agradable, Puntualidad",P,2
Pasaron por mi perd√≥n,NEU,1
"Atento y cordial, Puntualidad",P,2
Atento y cordial,P,2
NoLlev√≥ otro cliente,N,0
Nunca lleg√≥,N,0
Puntualidad,NEU,1
Nunca lleg√≥,N,0
Puntualidad,NEU,1
"Atento y cordial, Viaje agradable, Puntualidad",P,2
Puntualidad,NEU,1
Viaje agradable,P,2
Mal servicio,N,0
"Atento y cordial, Viaje agradable, Puntualidad",P,2
Ya no requiero el servicio ,NEU,1
Viaje agradable,P,2
"Atento y cordial, Viaje agradable, Puntualidad",P,2
P√©simo se pone enojado y no da el cambio  ,N,0
Viaje agradable,P,2
Atento y cordial,P,2
Puntualidad,NEU,1
Gracias  ,P,2
Atento y cordial,P,2
Lo cancelo,N,0
Puntualidad,NEU,1
Gps no sirve,NEU,1
Cancel√≥ solicitud,N,0
Cancel√≥ solicitud,N,0
no llego la unidad ,N,0
Es un mal servicio Cancel√≥ solicitud,N,0
"Atento y cordial, Viaje agradable, Puntualidad",P,2
Nunca lleg√≥,N,0
Puntualidad,NEU,1
Que cobre lo justo,N,0
Atento y cordial,P,2
Nunca lleg√≥ Nunca lleg√≥,N,0
Puntualidad,NEU,1
Otros,NEU,1
Atento y cordial,P,2
Nunca lleg√≥,N,0
Puntualidad,NEU,1
Nunca lleg√≥,N,0
No lleg√≥ ,N,0
Puntualidad,NEU,1
Puntualidad,NEU,1
Ok,P,2
Puntualidad,NEU,1
Puntualidad,NEU,1
No acepto necesito de urgencia,N,0
Atento y cordial,P,2
nada escoji otro ,NEU,1
No vino que mal servicio no es la primera vez,N,0
Puntualidad,NEU,1
Puntualidad,NEU,1
No vino,N,0
"Atento y cordial, Viaje agradable, Puntualidad",P,2
Puntualidad,NEU,1
Necesito una mas rapido,N,0
Mucho tiemp,N,0
Did not come Cancel√≥ solicitud,N,0
No puedo sslir,NEU,1
Inconveniente,NEU,1
Atento y cordial,P,2
Excelente  ,P,2
Viaje agradable,P,2
Cancelada por Call Center.,N,0
Cancel√≥ solicitud,N,0
Viaje agradable,P,2
Puntualidad,NEU,1
No lleg√≥,N,0
Ya no necesito,NEU,1
Viaje agradable,P,2
muy bueno  ,P,2
Viaje agradable,P,2
Cancelada por Call Center.,N,0
"Viaje agradable, Puntualidad, Atento y cordial",P,2
Gracias ,P,2
Tuve una emergencia m√©dica,NEU,1
Viaje agradable,P,2
Atento y cordial,P,2
No saldre,NEU,1
Llev√≥ otro cliente,N,0
Atento y cordial,P,2
Puntualidad,NEU,1
Jam√°s lleg√≥,P,2
Viaje agradable,P,2
P√©simo servicio....no cobra lo justo y que cobran todas las unidades....Cobro inadecuado,N,0
Actitud desagradable,N,0
Atento y cordial,P,2
No llego Nunca lleg√≥,N,0
Encotre otre unidad,NEU,1
Puntualidad,NEU,1
Mal direccion,N,0
Salida cancelada,NEU,1
Mal servicio.... cancela las carreras ... muy mal pero muy mal servicio,N,0
....,NEU,1
Nunca llego mal servicio üò°üò°üò°üò°üò°,N,0
Puntualidad,NEU,1
Cancelada por Call Center.,N,0
Mal manejo de la app por mi parte.,NEU,1
ok ,P,2
Tener cambio (sueltos),NEU,1
Muchas gracias!! ,P,2
Me hizo esperar de gana,N,0
Actitud desagradable,N,0
Ya no deseo la unidad,NEU,1
Me confund√≠,NEU,1
no llego al destino ,N,0
Nunca lleg√≥,N,0
Nunca lleg√≥,N,0
J Jjjj,NEU,1
Excelente sin problemas lleg√≥ puntual ,P,2
Jxjsbd,NEU,1
"no lleg√≥Atento y cordial, Viaje agradable, Puntualidad",NEU,1
Viaje agradable,P,2
Atento y cordial,P,2
Cancelada por Call Center.,N,0
Atento y cordial,P,2
Carisimo a 5 cuadras 20 bs...,NEU,1
Nunca lleg√≥,N,0
Que cobre lo justo,N,0
Ya no necesito gracias,NEU,1
Cancelada por Call Center.,N,0
buen servicio ,P,2
Cancel√≥ solicitud,N,0
Cancelada por Call Center.,N,0
Muy paciente y espero mucho tiempo.,N,0
Ya llegaron a recogerlos,NEU,1
.l.,NEU,1
Atento y cordial,P,2
Viaje agradable,P,2
Una persona amo educada terrible esa clase de gente hasta hoy utilice esta aplicaci√≥n porque no tienen gente con educaci√≥n Actitud desagradable,N,0
Cancel√≥ solicitud,N,0
"Atento y cordial, Viaje agradable, Puntualidad",P,2
Gracias,P,2
Annans ,NEU,1
Puntualidad,NEU,1
"Cancel√≥ solicitud, Nunca lleg√≥",N,0
Atento y cordial,P,2
... ,NEU,1
Nunca llegoLlev√≥ otro cliente,N,0
Actitud desagradable,N,0
Nakalahsbmakaanba,NEU,1
si lleg√≥ a tiempo ,P,2
Gracias  ,P,2
Ok ,P,2
Buena la atencion  ,P,2
P√©simo servicio de esta unidad  ,N,0
Cancel√≥ solicitud,N,0
Actitud desagradable,N,0
Excelente Puntualidad,P,2
Atento y cordial,P,2
KoolPuntualidad,NEU,1
Gracias ,P,2
Nunca lleg√≥,N,0
P√©simo conductor no quiero que me atienda nuevamente es irresponsable,N,0
Mucho tiempo  ,N,0
19,NEU,1
No lleg√≥ ,N,0
Atento y cordial,P,2
"Atento y cordial, Puntualidad, Viaje agradable",P,2
P√©simo mal servicio  ,N,0
Viaje agradable,P,2
Nunca lleho ,N,0
No lleg√≥Nunca lleg√≥,N,0
Velocidad excesiva,N,0
ü§¶üèª‚Äç‚ôÇÔ∏èü§¶üèª‚Äç‚ôÇÔ∏èü§¶üèª‚Äç‚ôÇÔ∏èü§¶üèª‚Äç‚ôÇÔ∏è,N,0
"Atento y cordial, Puntualidad",P,2
Puntualidad,NEU,1
Cancel√≥ solicitud,N,0
no me espero,N,0
Atento y cordial,P,2
Ya culmin√≥ la carrera,NEU,1
no quiso retroceder una cuadra para recogerme estoy con un paciente ,N,0
Puntualidad,NEU,1
Nunca lleg√≥,N,0
Dentro de los 3 min no llego Nunca lleg√≥,N,0
Cobr√≥ m√°s de lo que era La ruta Cobro inadecuado,N,0
Puntualidad,NEU,1
Viaje agradable,P,2
5,NEU,1
Didnt know where to go,N,0
Jw7dns√±bf,NEU,1
"Muy bien Atento y cordial, Puntualidad, Viaje agradable, Wifi/carga de celulares, Servicio de llamadas",P,2
Cobro exageradoActitud desagradable,N,0
Cancelaci√≥n de salida,N,0
Todo bien,P,2
Cancelar,N,0
Porque motivo si estoy en la puerta,N,0
Viaje agradable,P,2
Nunca lleg√≥ Nunca lleg√≥,N,0
Atento y cordial,P,2
No llego,N,0
"Viaje agradable, Puntualidad",P,2
Excelente  ,P,2
Nunca lleg√≥,N,0
Ya no necesito muchas gracias paso un inconveniente mil disculpas,NEU,1
Mal servicio,N,0
Cobro inadecuado,N,0
Viaje agradable,P,2
"Atento y cordial, Wifi/carga de celulares",P,2
Mil disculpas he puesto mal la referencia,NEU,1
"Deje de requerir el taxi, mil disculpas ",NEU,1
Atento y cordial,P,2
Atento y cordial,P,2
Es otra direcci√≥n,NEU,1
Atento y cordial,P,2
Puntualidad,NEU,1
Sorry bro,NEU,1
Puntualidad,NEU,1
Cancel√≥ solicitud,N,0
Nunca lleg√≥ ,N,0
........no me contesta,N,0
Atento y cordial,P,2
Ya no ,NEU,1
"Atento y cordial, Viaje agradable",P,2
No mampara M√∫sica/volumen,N,0
Bien ,P,2
Puntualidad,NEU,1
Ok ,P,2
Buena  ,P,2
Perodn me equivoqu√©,NEU,1
Cancelada por Call Center.,N,0
no salgo en e taxi ,NEU,1
Excelente Atento y cordial,P,2
Mala ,N,0
La operadora cancela al tener unidad asignada.,N,0
Cancel√≥ solicitud,N,0
B ,NEU,1
Nunca lleg√≥,N,0
Cancelada por Call Center.,N,0
Gracias ,P,2
Nunca lleg√≥,N,0
Atento y cordial,P,2
Me quedo en casa,NEU,1
5,NEU,1
"Atento y cordial, Viaje agradable, Puntualidad",P,2
Atento y cordial,P,2
"Atento y cordial, Viaje agradable, Puntualidad",P,2
Bien  ,P,2
"Atento y cordial, Viaje agradable, Puntualidad",P,2
Atento y cordial,P,2
"Viaje agradable, Puntualidad",P,2
Puntualidad,NEU,1
Atento y cordial,P,2
Cancel√≥ la solicitud cuando yo ya estaba afuera,N,0
Puntualidad,NEU,1
No llega unidad ,N,0
Nunca lleg√≥,N,0
Gracias  ,P,2
demasiado tiempo ,N,0
"Atento y cordial, Viaje agradable",P,2
"Puntualidad, Atento y cordial, Viaje agradable",P,2
Cancel√≥ solicitud,N,0
Ok ,P,2
Da tiempo a solicitudes de prueba  ,NEU,1
"Atento y cordial, Viaje agradable, Puntualidad, Servicio de llamadas",P,2
Atento y cordial,P,2
√ëo lleg√≥ Nunca lleg√≥,N,0
Atento y cordial,P,2
Bien Atento y cordial,P,2
Atento y cordial,P,2
Atento y cordial,P,2
Atento y cordial,P,2
Nunca llegoNunca lleg√≥,N,0
Viaje agradable,P,2
No lleg√≥,N,0
Puntualidad,NEU,1
priblemas,NEU,1
didn‚Äôt find my location ,N,0
Mal servicio,N,0
"Viaje agradable, Puntualidad",P,2
"Atento y cordial, Viaje agradable, Puntualidad",P,2
Ingreso mal de la ubicaci√≥n,NEU,1
No llegoNunca lleg√≥,N,0
Viaje agradable,P,2
Atento y cordial,P,2
Viaje agradable,P,2
"Atento y cordial, Viaje agradable, Puntualidad",P,2
"Viaje agradable, Puntualidad, Servicio de llamadas",P,2
bBsndndndnsndn,NEU,1
Nunca lleg√≥,N,0
Veh√≠culo incorrecto,N,0
Exele te ,P,2
Gracias  ,P,2
Nunca lleg√≥,N,0
Cancel√≥ solicitud,N,0
Conductor en estado et√≠lico ,N,0
MDisculpe la cancelaci√≥n ,NEU,1
Nunca lleg√≥,N,0
Nunca lleg√≥,N,0
Viaje agradable,P,2
Se retir√≥ sin informar,N,0
Si llego,P,2
El tiempo de espera de la solicitud ha caducado,N,0
Tiempo ,NEU,1
No s√© actualizar,NEU,1
.............,NEU,1
No saldre en este momento,NEU,1
Atento y cordial,P,2
"Atento y cordial, Viaje agradable, Puntualidad",P,2
graciaa  ,P,2
Cancel√≥ solicitud,N,0
Cancelada por Call Center.,N,0
No llego ,N,0
Bueno,P,2
Puntualidad,NEU,1
Atento y cordial,P,2
Cancel√≥ solicitud,N,0
Motivo?,N,0
"Atento y cordial, Viaje agradable",P,2
Xxxx,NEU,1
Que cobre lo justo,N,0
No llegoNunca lleg√≥,N,0
Cancelo la solicitud,N,0
Disculpe,NEU,1
Muy  buena exelente taxista  ,P,2
Tom√≥ una ruta m√°s larga innecesariamente ,N,0
Atento y cordial,P,2
Nunca lleg√≥,N,0
Se√±al√© mi punto de destino y cuando hab√≠a dicho al conductor que deb√≠a detenerse segu√≠a avanzando alej√°ndome de mi destino y as√≠ dos veces m√°s. P√©simoTrato al cliente,N,0
Cancel√≥ solicitud,N,0
No queremos,NEU,1
No llego Nunca lleg√≥,N,0
No hay problema,P,2
"CoCancel√≥ solicitud, Nunca lleg√≥",N,0
Ya no deseo viajar,NEU,1
Gracias,P,2
Muy caro,N,0
"Wifi/carga de celulares, Viaje agradable, Atento y cordial, Servicio de llamadas, Puntualidad",P,2
Mal servicioNunca lleg√≥,N,0
"Wifi/carga de celulares, Servicio de llamadas",NEU,1
"Su tax√≠metro estaba mal configurado pues duplic√≥ el precio y la velocidad y actitud Velocidad excesiva, Actitud desagradable",N,0
Me toc√≥ cancelar y me exige el pago ,N,0
Hhikmnbgrtresdxgjjuiio,NEU,1
Emergencia ,NEU,1
"ya me surgi√≥ un inconveniente y no pude yo, acercarme al taxi",NEU,1
Toque de queda,NEU,1
Me cancelo la carrera,N,0
"......,.,,,.,,.,,,,,,,,,",NEU,1
esta mal la ubicaci√≥n ,NEU,1
Tom√≥ otra ruta,N,0
Puntualidad,NEU,1
Puntualidad,NEU,1
Mal ubicacion,NEU,1
"Atento y cordial, Viaje agradable",P,2
Hhh ,NEU,1
El tax√≠metro tiene incompleto los d√≠gitos en el panel donde se muestra el precio ,N,0
Viaje agradable,P,2
",,,,,,",N,0
Buen Servicio! ,P,2
no llega el taxi a tiempo,N,0
pesimo ssrvicio si solicito la unidad ds porque necesesito movilizarme de urgencia.,N,0
No es necesario,NEU,1
Puntualidad,NEU,1
no responde el saludo mal educado  ,N,0
Bueno ,P,2
No puedo salir,NEU,1
Vac√≠o,NEU,1
"Atento y cordial, Puntualidad",P,2
P√©simo,N,0
Bueno,P,2
"Viaje agradable, Puntualidad",P,2
"Que se gu√≠e mejor en el mapa, Que cobre lo justo, Puntualidad, Limpieza de veh√≠culo",N,0
Mmmmpjig8,NEU,1
No pedi,NEU,1
Nunca lleg√≥,N,0
Nunca llego Nunca lleg√≥,N,0
R√°pido el servicio  ,P,2
Yo cancele,NEU,1
Para que acepta si no va a venir,N,0
No llega en el tiempo Nunca lleg√≥,N,0
Viaje agradable,P,2
oj ,NEU,1
Mejorar aseo del veh√≠culo ,N,0
"Atento y cordial, Viaje agradable",P,2
Buena la atencion,P,2
Cancel√≥ solicitud,N,0
"Atento y cordial, Viaje agradable, Puntualidad, Servicio de llamadas",P,2
"Atento y cordial, Viaje agradable, Puntualidad",P,2
Nunca lleg√≥,N,0
Viaje agradable,P,2
Viaje agradable,P,2
No llego ,N,0
"Atento y cordial, Viaje agradable, Puntualidad",P,2
Muy bien recuerda que la puntualidad es el √©xito  ,P,2
"Atento y cordial, Viaje agradable, Puntualidad",P,2
Atento y cordial,P,2
Bueno bb ,P,2
"Atento y cordial, Puntualidad",P,2
Nunca lleg√≥,N,0
Atento y cordial,P,2
perd√≥n graciaaaaaas,NEU,1
pppopppppooooo,NEU,1
"Atento y cordial, Viaje agradable, Puntualidad",P,2
Puntualidad,NEU,1
Atento y cordial,P,2
Siempre no  lo ocupo,NEU,1
Me confundi de taxi,NEU,1
Nunca lleg√≥,N,0
Atento y cordial,P,2
Puntualidad,NEU,1
"Atento y cordial, Puntualidad",P,2
Wifi/carga de celulares,NEU,1
Estaba apurada,NEU,1
Viaje agradable,P,2
"Atento y cordial, Viaje agradable, Puntualidad",P,2
Buena ,P,2
"Atento y cordial, Viaje agradable, Puntualidad",P,2
Perd√≥n me sub√≠ a otro taxi :( ,NEU,1
10,NEU,1
Atento y cordial,P,2
Atento y cordial,P,2
Puntualidad,NEU,1
Nunca lleg√≥,N,0
"Atento y cordial, Viaje agradable, Puntualidad, Wifi/carga de celulares, Servicio de llamadas",P,2
Llev√≥ otro cliente,N,0
Nunca lleg√≥,N,0
"Todo est√° excelente con el se√±or, pero deber√≠an especificar si es cami√≥n o camioneta ya que yo solicite una camioneta pero me llego un cami√≥n muy mal servicio de su parte el no especificar. De ah√≠ el se√±or muy amable y cordial.Atento y cordial, Viaje agradable",P,2
Ning√∫n  ,N,0
Viaje agradable,P,2
Puntualidad,NEU,1
Muy bien recuerda que la puntualidad es el √©xito  ,P,2
"Atento y cordial, Viaje agradable, Puntualidad, Servicio de llamadas",P,2
.................$$:!.$,NEU,1
Nunca lleg√≥,N,0
El ChucCancel√≥ solicitud,N,0
Exelente ,P,2
Cancelada por Call Center.,N,0
Bien ,P,2
No llego,N,0
Actitud desagradable,N,0
Puntualidad,NEU,1
"Atento y cordial, Viaje agradable",P,2
"Viaje agradable, Atento y cordial, Puntualidad",P,2
"Atento y cordial, Viaje agradable",P,2
Cancel√≥ solicitud,N,0
A tiempo,P,2
Buena ,P,2
Nunca lleg√≥,N,0
Muy buena  ,P,2
Ya no lo ocupo,NEU,1
Fue error,NEU,1
Estaba de apresur√≥ aborde otra unidad,NEU,1
Ok ,P,2
Me tuvo esperando,N,0
Viaje agradable,P,2
"Atento y cordial, Viaje agradable, Puntualidad",P,2
Viaje agradable,P,2
No lo pude localizar,N,0
Gracias,P,2
Ya consegu√≠ uno,NEU,1
Atento y cordial,P,2
Cobro una suma excesiva por su propia equivocaci√≥nActitud desagradable,N,0
Nunca lleg√≥ ,N,0
Atento y cordial,P,2
Puntualidad,NEU,1
Cancelada por Call Center.,N,0
Buena,P,2
Nunca lleg√≥,N,0
El se√±or cobra m√°s de la cuenta me quiere cobrar 4.50 de la ciudadela de los medicos a la entrada de Ricaurte que horror Actitud desagradable,N,0
Si llego y me trajo al lugar que le ped√≠,P,2
No quiso venir al domicilio ,N,0
Se fue sin raz√≥n,N,0
Cancel√≥ solicitud,N,0
Actitud desagradable,N,0
Bueno ,P,2
Atento y cordial,P,2
No saluda y coge la peor ruta posible ,N,0
Atento y cordial,P,2
Viaje agradable,P,2
Nunca lleg√≥,N,0
