id_usuario_atendio,fecha_hora_registro,observacion,observacion_conductor,valoracion,valoracion_conductor,CalificacionClientes,ComentarioConductor
28039,2022-08-01 00:00:12,Si    Velocidad excesiva, ,5,0.0,Negativo,Neutral
9173,2022-08-01 00:00:21,   Atento y cordial  Viaje agradable  Puntualidad, ,1,1.0,Positivo,Neutral
28006,2022-08-01 00:01:31,   Atento y cordial  Viaje agradable  Puntualidad, ,1,1.0,Positivo,Neutral
7900,2022-08-01 00:02:19, Atento y cordial  Viaje agradable  Puntualidad, ,1,0.0,Positivo,Neutral
29071,2022-08-01 00:00:27,Excelente  , ,0,3.0,Positivo,Neutral
25916,2022-08-01 00:04:11,No , ,5,0.0,Neutral,Neutral
2893,2022-08-01 00:05:38,Ok   Viaje agradable, ,1,0.0,Positivo,Neutral
21342,2022-08-01 00:05:19,   Velocidad excesiva, ,5,,Negativo,Neutral
26463,2022-08-01 00:05:43,   Atento y cordial  Puntualidad, ,1,0.0,Positivo,Neutral
20842,2022-08-01 00:05:44, Atento y cordial  Viaje agradable  Puntualidad, ,1,0.0,Positivo,Neutral
15352,2022-08-01 00:06:20,Lo peor....p茅simo grocero   Actitud desagradable,No realiz贸 la Carrera.   3 maletas d ebuaje imenzas. M谩s 3cajas d madera   m谩s. 4personas. No entra. Todo. Lo mamnifesta ,4,0.0,Negativo,Neutral
19294,2022-08-01 00:06:27,   Puntualidad, ,1,0.0,Neutral,Neutral
19122,2022-08-01 00:06:47,No llego, ,0,0.0,Negativo,Neutral
28197,2022-08-01 00:06:50,   Viaje agradable, ,1,0.0,Positivo,Neutral
24240,2022-08-01 00:07:32,, ,0,0.0,Neutral,Neutral
28462,2022-08-01 00:08:51, Llev贸 otro cliente, ,5,0.0,Negativo,Neutral
3758,2022-08-01 00:09:18, Atento y cordial, ,1,0.0,Positivo,Neutral
22819,2022-08-01 00:09:30,   Atento y cordial, ,1,1.0,Positivo,Neutral
23618,2022-08-01 00:10:16, Atento y cordial  Viaje agradable  Puntualidad, ,1,1.0,Positivo,Neutral
4281,2022-08-01 00:13:25, Atento y cordial  Viaje agradable  Puntualidad, ,1,1.0,Positivo,Neutral
23870,2022-08-01 00:14:29, Atento y cordial  Viaje agradable  Puntualidad, ,1,1.0,Positivo,Neutral
20142,2022-08-01 00:15:08,Muy tarde lo siento  ,Cliente no espera m谩s Hace Pasar Tiempo ya estoy llegando y  se va en otra unidad y pone Abord贸 se le llama y no responde ,0,5.0,Negativo,Neutral
20610,2022-08-01 00:17:30,Qqqq, ,0,0.0,Neutral,Neutral
9321,2022-08-01 00:17:43,   Atento y cordial  Viaje agradable  Puntualidad, ,1,2.0,Positivo,Neutral
25916,2022-08-01 00:18:08,   Viaje agradable, ,1,0.0,Positivo,Neutral
18047,2022-08-01 00:19:15, Puntualidad, ,1,0.0,Neutral,Neutral
22819,2022-08-01 00:20:10,   Atento y cordial, ,1,1.0,Positivo,Neutral
27004,2022-08-01 00:21:22,Buen servicio , ,0,0.0,Positivo,Neutral
20842,2022-08-01 00:24:28, Puntualidad, ,1,0.0,Neutral,Neutral
2853,2022-08-01 00:25:24, Puntualidad, ,1,0.0,Neutral,Neutral
17900,2022-08-01 00:32:04, Atento y cordial  Viaje agradable, ,1,1.0,Positivo,Neutral
28039,2022-08-01 00:35:15,   Atento y cordial  Viaje agradable  Puntualidad, ,1,0.0,Positivo,Neutral
26162,2022-08-01 00:22:14,   Atento y cordial  Viaje agradable  Puntualidad  Servicio de llamadas, ,1,0.0,Positivo,Neutral
24155,2022-08-01 00:36:11, Puntualidad, ,1,0.0,Neutral,Neutral
4324,2022-08-01 00:37:40,Ya , ,0,,Neutral,Neutral
19306,2022-08-01 00:39:03,   Puntualidad, ,1,0.0,Neutral,Neutral
27802,2022-08-01 00:42:18,Cancelada por Call Center., ,0,0.0,Negativo,Neutral
3041,2022-08-01 00:43:47, Viaje agradable, ,1,0.0,Positivo,Neutral
29266,2022-08-01 00:43:55, Atento y cordial, ,1,,Positivo,Neutral
4324,2022-08-01 00:44:29,   Atento y cordial, ,1,0.0,Positivo,Neutral
15352,2022-08-01 00:45:15,   Atento y cordial  Viaje agradable  Puntualidad, ,1,0.0,Positivo,Neutral
18759,2022-08-01 00:47:13,Me olvid茅 ee aplastar abordar la unidad si llego , ,0,0.0,Negativo,Neutral
12733,2022-08-01 00:47:52, Atento y cordial, ,1,1.0,Positivo,Neutral
27003,2022-08-01 00:49:10,Exelente atencion , ,0,0.0,Positivo,Neutral
29048,2022-08-01 00:36:08,"Se帽or ya cogieron taxy, gracias, fmis disculpas", ,0,0.0,Neutral,Neutral
29658,2022-08-01 00:49:37,   Cancel贸 solicitud, ,4,0.0,Negativo,Neutral
2853,2022-08-01 00:50:35, Viaje agradable, ,1,0.0,Positivo,Neutral
24236,2022-08-01 00:51:28, Atento y cordial, ,1,1.0,Positivo,Neutral
8500,2022-08-01 00:52:10, Atento y cordial  Viaje agradable  Puntualidad  Wifi/carga de celulares  Servicio de llamadas, ,1,0.0,Positivo,Neutral
3416,2022-08-01 00:54:02, Atento y cordial, ,1,1.0,Positivo,Neutral
3402,2022-08-01 00:54:31,   Atento y cordial  Viaje agradable  Puntualidad, ,1,1.0,Positivo,Neutral
4658,2022-08-01 00:57:00,No va, ,0,5.0,Neutral,Neutral
29240,2022-08-01 01:01:30, Cobro inadecuado, ,4,0.0,Negativo,Neutral
4324,2022-08-01 01:02:43,   Atento y cordial  Viaje agradable  Puntualidad, ,1,1.0,Positivo,Neutral
17975,2022-08-01 01:04:45,Muy buena  , ,1,1.0,Positivo,Neutral
3358,2022-08-01 01:05:47,Excelente servicio  , ,0,1.0,Positivo,Neutral
20996,2022-08-01 01:06:20,Si   Velocidad excesiva, ,5,0.0,Negativo,Neutral
25184,2022-08-01 01:06:29,De , ,5,1.0,Neutral,Neutral
20432,2022-08-01 00:47:06, Atento y cordial, ,1,1.0,Positivo,Neutral
12124,2022-08-01 01:07:30,No necesito, ,0,1.0,Neutral,Neutral
26269,2022-08-01 01:07:55,Exelente. Muy puntual.   Atento y cordial  Viaje agradable  Puntualidad  Wifi/carga de celulares  Servicio de llamadas, ,1,0.0,Positivo,Neutral
22180,2022-08-01 01:08:08, Puntualidad, ,1,5.0,Neutral,Neutral
29265,2022-08-01 01:08:07,   Atento y cordial,Cliente satisfecho ,1,1.0,Positivo,Neutral
4658,2022-08-01 01:11:09,   Atento y cordial, ,1,0.0,Positivo,Neutral
11608,2022-08-01 01:11:44,   Cancel贸 solicitud, ,4,0.0,Negativo,Neutral
9221,2022-08-01 01:11:49,Cancelada por Call Center., ,0,0.0,Negativo,Neutral
10652,2022-08-01 01:12:57,Exelente gracias  , ,0,0.0,Positivo,Neutral
21264,2022-08-01 01:12:43,La operadora cancela al tener unidad asignada., ,0,,Negativo,Neutral
13969,2022-08-01 01:14:25,   Viaje agradable, ,1,5.0,Positivo,Neutral
25884,2022-08-01 01:14:48,Cancelar, ,0,0.0,Negativo,Neutral
28404,2022-08-01 01:15:04, Atento y cordial  Viaje agradable  Puntualidad, ,1,2.0,Positivo,Neutral
12124,2022-08-01 01:18:34,Buena , ,0,1.0,Positivo,Neutral
28035,2022-08-01 01:19:43,   Atento y cordial  Viaje agradable, ,1,0.0,Positivo,Neutral
28680,2022-08-01 01:20:10,   Atento y cordial  Viaje agradable  Puntualidad, ,1,0.0,Positivo,Neutral
14459,2022-08-01 01:21:16,Bien, ,5,1.0,Positivo,Neutral
13971,2022-08-01 01:23:29,Cancelada por Call Center., ,0,0.0,Negativo,Neutral
28504,2022-08-01 01:23:54,   Atento y cordial  Viaje agradable  Puntualidad, ,1,1.0,Positivo,Neutral
19798,2022-08-01 01:26:52,   Atento y cordial  Viaje agradable  Puntualidad, ,1,0.0,Positivo,Neutral
20600,2022-08-01 01:28:53, Nunca lleg贸, ,5,5.0,Negativo,Neutral
20495,2022-08-01 01:30:53,   Atento y cordial  Viaje agradable  Puntualidad, ,1,1.0,Positivo,Neutral
3945,2022-08-01 01:30:32,   Viaje agradable, ,1,0.0,Positivo,Neutral
15240,2022-08-01 01:34:08, Nunca lleg贸, ,5,1.0,Negativo,Neutral
2731,2022-08-01 01:38:37, Atento y cordial, ,1,0.0,Positivo,Neutral
9635,2022-08-01 01:34:31,   Puntualidad, ,1,0.0,Neutral,Neutral
29704,2022-08-01 01:39:44,   Viaje agradable, ,1,0.0,Positivo,Neutral
7408,2022-08-01 01:38:24,Excelente servicio   Atento y cordial  Viaje agradable, ,1,1.0,Positivo,Neutral
28197,2022-08-01 01:37:44, Atento y cordial  Viaje agradable  Puntualidad, ,1,0.0,Positivo,Neutral
29039,2022-08-01 01:40:38,Cancelada por Call Center., ,0,0.0,Negativo,Neutral
25859,2022-08-01 01:41:11,   Velocidad excesiva, ,5,1.0,Negativo,Neutral
28924,2022-08-01 01:41:53,   Atento y cordial  Puntualidad, ,1,0.0,Positivo,Neutral
14852,2022-08-01 01:44:05,   Atento y cordial  Viaje agradable, ,1,0.0,Positivo,Neutral
18619,2022-08-01 01:43:32,No llego,Cliente no sale ,0,4.0,Negativo,Neutral
9473,2022-08-01 01:45:21,   Nunca lleg贸, ,5,0.0,Negativo,Neutral
25531,2022-08-01 01:46:24,   Viaje agradable, ,1,0.0,Positivo,Neutral
25884,2022-08-01 01:49:26,.........., ,0,0.0,Neutral,Neutral
28574,2022-08-01 01:52:28,   Atento y cordial  Viaje agradable, ,1,1.0,Positivo,Neutral
3041,2022-08-01 01:54:15, Puntualidad, ,1,0.0,Neutral,Neutral
24183,2022-08-01 01:56:25,   Atento y cordial, ,1,1.0,Positivo,Neutral
19280,2022-08-01 01:56:35,   Viaje agradable, ,1,0.0,Positivo,Neutral
10601,2022-08-01 02:01:30,Cancelada por Call Center., ,0,0.0,Negativo,Neutral
2068,2022-08-01 02:03:24, Atento y cordial  Puntualidad, ,1,1.0,Positivo,Neutral
8979,2022-08-01 02:06:13,"Pesimo servicio
   Actitud desagradable", ,5,1.0,Negativo,Neutral
29340,2022-08-01 02:06:32,Disculpe no confirmo el culito cancelo , ,0,0.0,Negativo,Neutral
4010,2022-08-01 02:08:10, Atento y cordial, ,1,0.0,Positivo,Neutral
23618,2022-08-01 02:08:31, Atento y cordial, ,1,1.0,Positivo,Neutral
19395,2022-08-01 02:09:22,   Atento y cordial, ,1,1.0,Positivo,Neutral
9242,2022-08-01 02:12:13,Cancelada por Call Center., ,0,0.0,Negativo,Neutral
14593,2022-08-01 02:13:18,Cancelada por Call Center., ,0,0.0,Negativo,Neutral
25594,2022-08-01 02:14:36,   Viaje agradable, ,1,0.0,Positivo,Neutral
15596,2022-08-01 02:22:51,   Puntualidad,Excelente cliente ,1,1.0,Neutral,Neutral
24464,2022-08-01 02:21:42,No necesito la unidad , ,0,1.0,Neutral,Neutral
12115,2022-08-01 02:20:42,La unidad sale lejos en mi mapa, ,0,5.0,Neutral,Neutral
25301,2022-08-01 02:24:02,   Puntualidad, ,1,0.0,Neutral,Neutral
29731,2022-08-01 02:24:11,Es un mamaverga,No activo biton,5,0.0,Neutral,Neutral
17694,2022-08-01 02:24:50,   Atento y cordial, ,1,0.0,Positivo,Neutral
12124,2022-08-01 02:24:42,   Atento y cordial, ,1,1.0,Positivo,Neutral
16281,2022-08-01 02:26:03, Viaje agradable  Puntualidad, ,1,0.0,Positivo,Neutral
19280,2022-08-01 02:25:40, Puntualidad, ,1,0.0,Neutral,Neutral
19395,2022-08-01 02:27:15,   Atento y cordial  Viaje agradable  Puntualidad, ,1,1.0,Positivo,Neutral
5624,2022-08-01 02:28:23,   Atento y cordial, ,1,0.0,Positivo,Neutral
10861,2022-08-01 02:35:34,   Limpieza de veh铆culo, ,3,0.0,Neutral,Neutral
29315,2022-08-01 02:41:17,   Viaje agradable, ,1,0.0,Positivo,Neutral
28129,2022-08-01 02:43:15,   Atento y cordial  Viaje agradable  Puntualidad, ,1,0.0,Positivo,Neutral
25684,2022-08-01 02:46:03,La operadora cancela al tener unidad asignada., ,0,,Negativo,Neutral
27977,2022-08-01 02:48:36,Cancelada por Call Center., ,0,1.0,Negativo,Neutral
29342,2022-08-01 02:54:31, Puntualidad, ,1,1.0,Neutral,Neutral
29156,2022-08-01 02:48:00, Atento y cordial  Viaje agradable, ,1,0.0,Positivo,Neutral
12041,2022-08-01 02:50:26,   Puntualidad, ,1,0.0,Neutral,Neutral
28675,2022-08-01 02:58:01,   Viaje agradable  Puntualidad, ,1,0.0,Positivo,Neutral
17334,2022-08-01 03:00:27,   Atento y cordial, ,1,,Positivo,Neutral
24236,2022-08-01 03:03:32, Actitud desagradable, ,5,1.0,Negativo,Neutral
13303,2022-08-01 03:08:31, Atento y cordial  Viaje agradable  Puntualidad, ,1,1.0,Positivo,Neutral
29071,2022-08-01 03:08:23,   Puntualidad, ,1,3.0,Neutral,Neutral
28358,2022-08-01 03:13:37,Buena , ,0,1.0,Positivo,Neutral
29501,2022-08-01 03:16:48,Buena , ,0,0.0,Positivo,Neutral
20732,2022-08-01 03:18:11,   Puntualidad, ,1,1.0,Neutral,Neutral
27001,2022-08-01 03:20:04,No acordamos , ,0,,Neutral,Neutral
29382,2022-08-01 03:21:18, Atento y cordial, ,1,0.0,Positivo,Neutral
21395,2022-08-01 03:24:29,   Tener cambio (sueltos), ,2,1.0,Neutral,Neutral
4440,2022-08-01 03:24:55, Viaje agradable, ,1,0.0,Positivo,Neutral
19122,2022-08-01 03:25:02,   Puntualidad, ,1,1.0,Neutral,Neutral
14285,2022-08-01 03:27:45,Bueno ,Excelente ,0,1.0,Positivo,Neutral
4775,2022-08-01 03:35:52, Atento y cordial, ,1,0.0,Positivo,Neutral
15355,2022-08-01 03:29:19, Atento y cordial, ,1,0.0,Positivo,Neutral
8815,2022-08-01 03:33:16, Atento y cordial  Viaje agradable, ,1,0.0,Positivo,Neutral
9635,2022-08-01 03:33:17,Carro muy peque帽o  ,Exceso de pasajeros ,5,5.0,Neutral,Neutral
20610,2022-08-01 03:32:39, Atento y cordial  Viaje agradable  Puntualidad, ,1,0.0,Positivo,Neutral
15596,2022-08-01 03:34:41,   Atento y cordial  Viaje agradable  Puntualidad,Excelente cliente ,1,1.0,Positivo,Neutral
4010,2022-08-01 03:31:46,   Atento y cordial, ,1,0.0,Positivo,Neutral
28265,2022-08-01 03:29:24,   Que cobre lo justo, ,3,1.0,Negativo,Neutral
195,2022-08-01 03:31:27, Llev贸 otro cliente,Cliente se va en otro taxi y bravo,5,0.0,Negativo,Neutral
26269,2022-08-01 03:38:40,   Atento y cordial  Viaje agradable  Puntualidad, ,1,1.0,Positivo,Neutral
25684,2022-08-01 03:40:41,   Atento y cordial, ,1,0.0,Positivo,Neutral
25301,2022-08-01 03:42:08,   Que cobre lo justo, ,3,1.0,Negativo,Neutral
24464,2022-08-01 03:41:57,Esta muy lejos, ,0,,Negativo,Neutral
15616,2022-08-01 03:43:15, Atento y cordial, ,1,0.0,Positivo,Neutral
19306,2022-08-01 03:45:20,   Viaje agradable, ,1,0.0,Positivo,Neutral
6837,2022-08-01 03:45:53,Bien ,El cliente se demoro 8 minutos en salir a abordar el taxi,2,4.0,Positivo,Neutral
22713,2022-08-01 03:45:48,Mal ubicaci贸n, ,0,5.0,Negativo,Neutral
11386,2022-08-01 03:47:07,Favor enviar a otra unidad conf铆o en ustedes pero no se mueve la unidad que enviaron y no llega, ,0,,Negativo,Neutral
21354,2022-08-01 03:48:59, Velocidad excesiva, ,5,0.0,Negativo,Neutral
15522,2022-08-01 03:49:24,"Si nos recogi貌, todo ok", ,0,0.0,Positivo,Neutral
2468,2022-08-01 03:53:10,   Atento y cordial  Viaje agradable  Puntualidad  Wifi/carga de celulares  Servicio de llamadas, ,1,1.0,Positivo,Neutral
19024,2022-08-01 03:53:38,Kua no me voy, ,0,0.0,Neutral,Neutral
26008,2022-08-01 03:54:49, Atento y cordial  Viaje agradable  Puntualidad, ,1,0.0,Positivo,Neutral
9197,2022-08-01 03:57:49,Rjtjr, ,0,0.0,Neutral,Neutral
3193,2022-08-01 04:04:40, Puntualidad, ,1,0.0,Neutral,Neutral
18461,2022-08-01 04:05:47, Atento y cordial  Viaje agradable  Puntualidad  Wifi/carga de celulares  Servicio de llamadas, ,1,1.0,Positivo,Neutral
27354,2022-08-01 04:10:28,Buen servicio  , ,0,0.0,Positivo,Neutral
14080,2022-08-01 04:13:48,   Viaje agradable  Puntualidad  Atento y cordial  Servicio de llamadas  Wifi/carga de celulares, ,1,0.0,Positivo,Neutral
22713,2022-08-01 04:14:31,   Puntualidad, ,1,4.0,Neutral,Neutral
27001,2022-08-01 04:16:09, Atento y cordial  Viaje agradable  Puntualidad, ,1,1.0,Positivo,Neutral
25144,2022-08-01 04:18:21,Me dej贸  , ,5,0.0,Negativo,Neutral
25573,2022-08-01 04:18:22, Viaje agradable, ,1,0.0,Positivo,Neutral
26929,2022-08-01 04:20:40,Excelente  , ,1,1.0,Positivo,Neutral
19075,2022-08-01 04:21:19, Presentaci贸n personal, ,2,1.0,Neutral,Neutral
26162,2022-08-01 04:23:36,   Atento y cordial  Viaje agradable  Puntualidad, ,1,0.0,Positivo,Neutral
6436,2022-08-01 04:24:58,gracias  , ,1,0.0,Positivo,Neutral
26474,2022-08-01 04:25:30, Atento y cordial  Viaje agradable  Puntualidad, ,1,1.0,Positivo,Neutral
13626,2022-08-01 04:29:37,   Atento y cordial  Viaje agradable  Puntualidad, ,1,0.0,Positivo,Neutral
26463,2022-08-01 04:29:49,Buen servcio, ,0,0.0,Positivo,Neutral
20682,2022-08-01 04:30:43, Atento y cordial, ,1,1.0,Positivo,Neutral
25646,2022-08-01 04:30:57, Atento y cordial, ,1,0.0,Positivo,Neutral
26474,2022-08-01 04:32:41,Ok  Puntualidad, ,1,1.0,Positivo,Neutral
8979,2022-08-01 03:47:27,   Atento y cordial  Viaje agradable, ,1,1.0,Positivo,Neutral
20069,2022-08-01 04:33:38,   Atento y cordial, ,1,0.0,Positivo,Neutral
9306,2022-08-01 04:36:07, Atento y cordial  Viaje agradable  Puntualidad, ,1,1.0,Positivo,Neutral
7915,2022-08-01 04:41:11,   Atento y cordial, ,1,0.0,Positivo,Neutral
11807,2022-08-01 04:41:32,Buena , ,0,0.0,Positivo,Neutral
15352,2022-08-01 04:41:25,no llegoooooooooooo, ,0,0.0,Neutral,Neutral
2827,2022-08-01 04:43:40,No nllega  , ,0,0.0,Neutral,Neutral
21411,2022-08-01 04:37:46,   Atento y cordial  Viaje agradable  Puntualidad  Wifi/carga de celulares  Servicio de llamadas, ,1,1.0,Positivo,Neutral
15870,2022-08-01 04:44:26,Ok , ,1,0.0,Positivo,Neutral
25646,2022-08-01 04:45:13,Nddndfn, ,0,,Neutral,Neutral
15522,2022-08-01 04:45:47,   Atento y cordial, ,1,0.0,Positivo,Neutral
29809,2022-08-01 04:46:33,No necesito, ,0,0.0,Neutral,Neutral
25413,2022-08-01 04:48:59, Puntualidad, ,1,1.0,Neutral,Neutral
24614,2022-08-01 04:48:47, Puntualidad, ,1,1.0,Neutral,Neutral
28949,2022-08-01 04:49:31,   Atento y cordial, ,1,0.0,Positivo,Neutral
21105,2022-08-01 04:49:45,10 , ,0,1.0,Neutral,Neutral
29448,2022-08-01 04:51:58, Puntualidad, ,1,1.0,Neutral,Neutral
27230,2022-08-01 04:53:10,   Viaje agradable, ,1,0.0,Positivo,Neutral
15325,2022-08-01 04:54:32,   Puntualidad, ,1,1.0,Neutral,Neutral
25804,2022-08-01 04:55:21,   Puntualidad, ,1,0.0,Neutral,Neutral
13075,2022-08-01 04:55:50,   Atento y cordial  Viaje agradable  Puntualidad, ,1,0.0,Positivo,Neutral
20060,2022-08-01 04:56:34,Llego 1 minuto tarde , ,2,0.0,Negativo,Neutral
23701,2022-08-01 05:02:47,   Atento y cordial, ,1,0.0,Positivo,Neutral
20634,2022-08-01 04:32:03,   Atento y cordial  Viaje agradable  Puntualidad, ,1,0.0,Positivo,Neutral
1150,2022-08-01 05:01:17, Viaje agradable, ,1,0.0,Positivo,Neutral
26463,2022-08-01 05:00:23,Buen servicio, ,0,0.0,Positivo,Neutral
7915,2022-08-01 04:59:16,   Atento y cordial  Viaje agradable  Puntualidad, ,1,0.0,Positivo,Neutral
25413,2022-08-01 05:02:32, Atento y cordial  Viaje agradable  Puntualidad, ,1,1.0,Positivo,Neutral
19137,2022-08-01 05:04:30,   Atento y cordial, ,1,0.0,Positivo,Neutral
27649,2022-08-01 05:06:07,H , ,0,0.0,Neutral,Neutral
27849,2022-08-01 05:07:54, Puntualidad, ,1,0.0,Neutral,Neutral
18148,2022-08-01 05:09:32,Cancelada por Call Center., ,0,1.0,Negativo,Neutral
12115,2022-08-01 05:08:55,No necesito, ,0,0.0,Neutral,Neutral
13626,2022-08-01 05:10:09,La operadora cancela al tener unidad asignada., ,0,,Negativo,Neutral
23036,2022-08-01 05:11:28,   Puntualidad, ,1,0.0,Neutral,Neutral
10709,2022-08-01 05:11:07,Es prueba no dar tiempo, ,0,5.0,Neutral,Neutral
9236,2022-08-01 05:10:35,La operadora cancela al tener unidad asignada., ,0,0.0,Negativo,Neutral
4339,2022-08-01 05:13:00,   Atento y cordial, ,1,0.0,Positivo,Neutral
28099,2022-08-01 05:12:45,Cancelada por Call Center.,Auto con parrilla,0,0.0,Negativo,Neutral
19113,2022-08-01 05:12:48,Conductor sin cambio  , ,5,0.0,Neutral,Neutral
25804,2022-08-01 05:14:04,  aplastado mal, ,0,0.0,Negativo,Neutral
187,2022-08-01 05:14:06, Atento y cordial  Viaje agradable  Puntualidad, ,1,0.0,Positivo,Neutral
14593,2022-08-01 05:17:22,   Atento y cordial  Viaje agradable  Puntualidad, ,1,0.0,Positivo,Neutral
14128,2022-08-01 05:18:14,   Viaje agradable, ,1,0.0,Positivo,Neutral
27416,2022-08-01 05:19:53,   Atento y cordial  Viaje agradable  Puntualidad, ,1,0.0,Positivo,Neutral
28939,2022-08-01 05:20:05,Cobro en exceso , ,5,0.0,Negativo,Neutral
16462,2022-08-01 05:20:00,   Atento y cordial  Viaje agradable  Puntualidad, ,1,0.0,Positivo,Neutral
24538,2022-08-01 05:20:35,   Servicio de llamadas, ,1,0.0,Neutral,Neutral
18856,2022-08-01 05:26:57, Puntualidad, ,1,0.0,Neutral,Neutral
6241,2022-08-01 05:25:09,   Tener cambio (sueltos), ,2,1.0,Neutral,Neutral
13811,2022-08-01 05:23:52,...., ,0,0.0,Neutral,Neutral
16462,2022-08-01 05:28:55,Gracias  , ,1,0.0,Positivo,Neutral
16628,2022-08-01 05:30:48, Puntualidad, ,1,1.0,Neutral,Neutral
21085,2022-08-01 05:33:08,   Viaje agradable  Puntualidad, ,1,0.0,Positivo,Neutral
24424,2022-08-01 05:32:15, Puntualidad, ,1,0.0,Neutral,Neutral
26003,2022-08-01 05:33:25,   Atento y cordial, ,1,1.0,Positivo,Neutral
29514,2022-08-01 05:30:59,Nunca lleg贸    Nunca lleg贸, ,5,0.0,Negativo,Neutral
21376,2022-08-01 05:33:45,Demaciado tiempo, ,0,0.0,Neutral,Neutral
29501,2022-08-01 05:35:33,   Que se gu铆e mejor en el mapa, ,3,0.0,Negativo,Neutral
29362,2022-08-01 05:35:49, M煤sica/Volumen  Presentaci贸n personal  Evitar el claxon  Wifi/carga de celulares, ,2,0.0,Neutral,Neutral
25164,2022-08-01 05:36:45, Llev贸 otro cliente, ,5,0.0,Negativo,Neutral
24104,2022-08-01 05:37:33, Viaje agradable, ,1,0.0,Positivo,Neutral
24107,2022-08-01 05:38:22, Atento y cordial  Viaje agradable  Puntualidad, ,1,1.0,Positivo,Neutral
3305,2022-08-01 05:43:00,   Puntualidad, ,1,0.0,Neutral,Neutral
15581,2022-08-01 05:42:30, Atento y cordial  Viaje agradable  Puntualidad, ,1,1.0,Positivo,Neutral
28134,2022-08-01 05:40:04,Solicitud por accidente , ,0,5.0,Negativo,Neutral
3486,2022-08-01 05:41:47,   Atento y cordial  Viaje agradable  Puntualidad, ,1,0.0,Positivo,Neutral
21376,2022-08-01 05:38:29,   Atento y cordial  Viaje agradable  Puntualidad, ,1,0.0,Positivo,Neutral
1813,2022-08-01 05:38:57, Puntualidad, ,1,0.0,Neutral,Neutral
4767,2022-08-01 05:43:30,Excelente persona , ,3,0.0,Positivo,Neutral
25054,2022-08-01 05:40:07,Muy bien  , ,0,0.0,Positivo,Neutral
20869,2022-08-01 05:42:48,   Atento y cordial  Viaje agradable  Puntualidad, ,1,0.0,Positivo,Neutral
4658,2022-08-01 05:40:24,Excelente servicio    Atento y cordial  Viaje agradable  Puntualidad, ,1,0.0,Positivo,Neutral
25804,2022-08-01 05:18:07,Uvycuv, ,0,0.0,Neutral,Neutral
787,2022-08-01 05:43:56, Atento y cordial, ,1,0.0,Positivo,Neutral
25684,2022-08-01 05:43:56,Servicio  , ,1,1.0,Neutral,Neutral
26095,2022-08-01 05:44:24, Viaje agradable  Puntualidad, ,1,1.0,Positivo,Neutral
23833,2022-08-01 05:46:09, Atento y cordial  Viaje agradable  Puntualidad, ,1,1.0,Positivo,Neutral
19066,2022-08-01 05:47:40, Atento y cordial  Viaje agradable  Puntualidad, ,1,1.0,Positivo,Neutral
22710,2022-08-01 05:48:10,   Atento y cordial  Puntualidad, ,1,0.0,Positivo,Neutral
8520,2022-08-01 05:48:16, Atento y cordial, ,1,0.0,Positivo,Neutral
4010,2022-08-01 05:48:27, Atento y cordial, ,1,0.0,Positivo,Neutral
26032,2022-08-01 05:49:15,No veo la unidad , ,0,0.0,Neutral,Neutral
18036,2022-08-01 05:49:41, Nunca lleg贸,"Se baj贸 Llanta

",5,0.0,Negativo,Neutral
23219,2022-08-01 05:50:07,Buen servicio puntual  , ,1,,Positivo,Neutral
16763,2022-08-01 05:50:10,   Atento y cordial  Viaje agradable  Puntualidad, ,1,1.0,Positivo,Neutral
22685,2022-08-01 05:50:19,   Servicio de llamadas, ,1,0.0,Neutral,Neutral
16627,2022-08-01 05:50:30, Puntualidad, ,1,1.0,Neutral,Neutral
3490,2022-08-01 05:53:59,   Puntualidad, ,1,0.0,Neutral,Neutral
16905,2022-08-01 05:54:27,Se fue el taxi   Nunca lleg贸, ,5,,Negativo,Neutral
26079,2022-08-01 05:54:23,   Cobro inadecuado, ,4,0.0,Negativo,Neutral
25082,2022-08-01 05:54:10,Irresponsable con su tiempo   Actitud desagradable, ,5,0.0,Negativo,Neutral
29447,2022-08-01 05:54:14,   Atento y cordial  Viaje agradable  Puntualidad, ,1,0.0,Positivo,Neutral
20037,2022-08-01 05:54:26, Atento y cordial  Viaje agradable  Puntualidad, ,1,1.0,Positivo,Neutral
26958,2022-08-01 05:51:47, Atento y cordial, ,1,0.0,Positivo,Neutral
8664,2022-08-01 05:52:05,Servicio lento  , ,5,3.0,Neutral,Neutral
29383,2022-08-01 05:51:54,   Viaje agradable, ,1,0.0,Positivo,Neutral
26096,2022-08-01 05:51:59,   Puntualidad, ,1,0.0,Neutral,Neutral
16996,2022-08-01 05:55:08,Mala direcci贸n    Nunca lleg贸, ,5,0.0,Negativo,Neutral
22903,2022-08-01 05:55:28, Atento y cordial  Viaje agradable  Puntualidad, ,1,0.0,Positivo,Neutral
18657,2022-08-01 05:57:47, Atento y cordial  Viaje agradable  Puntualidad, ,1,0.0,Positivo,Neutral
23219,2022-08-01 05:57:49,No lleg贸  , ,5,,Negativo,Neutral
22683,2022-08-01 05:57:24,   Viaje agradable, ,1,0.0,Positivo,Neutral
15147,2022-08-01 05:57:55,   Atento y cordial  Puntualidad, ,1,0.0,Positivo,Neutral
24494,2022-08-01 05:59:52,Estaba en otra direcci贸n,Solicito mal,0,0.0,Neutral,Neutral
17066,2022-08-01 05:59:21, Viaje agradable  Puntualidad, ,1,1.0,Positivo,Neutral
17974,2022-08-01 06:01:42,   Atento y cordial  Viaje agradable  Puntualidad, ,1,1.0,Positivo,Neutral
25214,2022-08-01 06:03:02,   Puntualidad, ,1,0.0,Neutral,Neutral
20245,2022-08-01 06:02:51,   Que cobre lo justo, ,3,0.0,Negativo,Neutral
12994,2022-08-01 06:04:33,fffzz   Nunca lleg贸,No contesta ni sale el cliente ,5,0.0,Negativo,Neutral
28417,2022-08-01 06:01:21,   Que cobre lo justo, ,3,,Negativo,Neutral
4772,2022-08-01 06:00:25, Atento y cordial  Viaje agradable  Puntualidad, ,1,0.0,Positivo,Neutral
26459,2022-08-01 06:04:26,Excelente  , ,0,0.0,Positivo,Neutral
14738,2022-08-01 06:03:10,   Atento y cordial, ,1,0.0,Positivo,Neutral
18328,2022-08-01 06:04:47,No llego ,No Puedo Poner Que Estoy Con El Cliente ,5,0.0,Negativo,Neutral
28478,2022-08-01 06:07:20,   Atento y cordial  Viaje agradable  Puntualidad  Wifi/carga de celulares  Servicio de llamadas, ,1,0.0,Positivo,Neutral
19164,2022-08-01 06:06:55,Excelente  , ,0,1.0,Positivo,Neutral
27748,2022-08-01 06:07:17, Puntualidad, ,1,0.0,Neutral,Neutral
29447,2022-08-01 06:07:56,   Puntualidad, ,1,0.0,Neutral,Neutral
29383,2022-08-01 06:07:06,Utiliz贸 ruta que duplico el tiempo de llegada de forma innecesaria , ,5,0.0,Negativo,Neutral
19848,2022-08-01 06:05:51, Viaje agradable, ,1,1.0,Positivo,Neutral
11000,2022-08-01 06:06:57,Super buena  , ,2,0.0,Positivo,Neutral
10439,2022-08-01 06:08:08,   Atento y cordial  Viaje agradable, ,1,0.0,Positivo,Neutral
23540,2022-08-01 06:08:36,   Atento y cordial  Viaje agradable  Puntualidad  Wifi/carga de celulares  Servicio de llamadas, ,1,0.0,Positivo,Neutral
29441,2022-08-01 06:09:31,   Atento y cordial  Viaje agradable  Puntualidad, ,1,0.0,Positivo,Neutral
28171,2022-08-01 06:11:19,   Puntualidad, ,1,1.0,Neutral,Neutral
21642,2022-08-01 06:10:28,Nunca llego    Nunca lleg贸, ,5,0.0,Negativo,Neutral
3373,2022-08-01 06:12:28,Cancelada por Call Center., ,0,0.0,Negativo,Neutral
6580,2022-08-01 06:10:55,   Atento y cordial, ,1,1.0,Positivo,Neutral
16542,2022-08-01 06:11:54,   Puntualidad, ,1,0.0,Neutral,Neutral
26284,2022-08-01 06:10:52,   Puntualidad, ,1,0.0,Neutral,Neutral
24289,2022-08-01 06:10:00, Atento y cordial, ,1,1.0,Positivo,Neutral
2524,2022-08-01 06:12:24,   Atento y cordial, ,1,0.0,Positivo,Neutral
25545,2022-08-01 06:12:49,   Atento y cordial  Viaje agradable  Puntualidad, ,1,0.0,Positivo,Neutral
24342,2022-08-01 06:14:29,   Atento y cordial, ,1,0.0,Positivo,Neutral
23000,2022-08-01 06:14:49, Puntualidad, ,1,0.0,Neutral,Neutral
14285,2022-08-01 06:15:18,no llego el taxi , ,0,,Negativo,Neutral
789,2022-08-01 06:16:22, Puntualidad, ,1,0.0,Neutral,Neutral
3633,2022-08-01 06:16:47,   Puntualidad, ,1,1.0,Neutral,Neutral
837,2022-08-01 06:15:49, Puntualidad, ,1,0.0,Neutral,Neutral
28070,2022-08-01 06:18:10,Est谩 muy lejos la unidad,Estubo mal la ubicacion,0,0.0,Negativo,Neutral
16753,2022-08-01 06:19:14,Ya no viajo, ,0,5.0,Neutral,Neutral
28212,2022-08-01 06:20:15,Exelente , ,0,1.0,Positivo,Neutral
8585,2022-08-01 06:20:29,   Viaje agradable, ,1,0.0,Positivo,Neutral
11672,2022-08-01 06:20:41,P茅simo servicio    Actitud desagradable, ,5,3.0,Negativo,Neutral
15150,2022-08-01 06:04:35,   Puntualidad, ,1,0.0,Neutral,Neutral
25678,2022-08-01 06:21:26,   Viaje agradable, ,1,0.0,Positivo,Neutral
20616,2022-08-01 06:20:49,   Atento y cordial, ,1,1.0,Positivo,Neutral
26582,2022-08-01 06:21:39,Buen servicio , ,0,0.0,Positivo,Neutral
20074,2022-08-01 06:23:47,   Puntualidad, ,1,1.0,Neutral,Neutral
10926,2022-08-01 06:24:15,   Atento y cordial  Viaje agradable  Puntualidad, ,1,0.0,Positivo,Neutral
29446,2022-08-01 06:24:32,Buena , ,0,,Positivo,Neutral
18366,2022-08-01 06:25:11,   Atento y cordial  Viaje agradable  Puntualidad, ,1,,Positivo,Neutral
10279,2022-08-01 06:25:51,Cancelo    Cancel贸 solicitud, ,5,,Negativo,Neutral
12123,2022-08-01 06:26:02,   Viaje agradable  Puntualidad, ,1,,Positivo,Neutral
4767,2022-08-01 06:26:25,Buen servicio, ,0,0.0,Positivo,Neutral
15723,2022-08-01 06:27:10,   Puntualidad, ,1,0.0,Neutral,Neutral
19451,2022-08-01 06:27:07, Atento y cordial  Viaje agradable  Puntualidad, ,1,1.0,Positivo,Neutral
18306,2022-08-01 06:27:22,   Puntualidad, ,1,0.0,Neutral,Neutral
11396,2022-08-01 06:27:38,   Atento y cordial, ,1,,Positivo,Neutral
25487,2022-08-01 06:27:50,   Atento y cordial, ,1,0.0,Positivo,Neutral
23504,2022-08-01 06:21:16, Puntualidad, ,1,1.0,Neutral,Neutral
25804,2022-08-01 06:29:28,   Atento y cordial  Viaje agradable  Puntualidad, ,1,0.0,Positivo,Neutral
11787,2022-08-01 06:29:48,   Atento y cordial, ,1,0.0,Positivo,Neutral
2996,2022-08-01 06:30:48,   Viaje agradable, ,1,0.0,Positivo,Neutral
28097,2022-08-01 06:31:35, Atento y cordial, ,1,1.0,Positivo,Neutral
18781,2022-08-01 06:32:26, Llev贸 otro cliente  Nunca lleg贸, ,5,0.0,Negativo,Neutral
16968,2022-08-01 06:32:11,Excelente  , ,0,0.0,Positivo,Neutral
24295,2022-08-01 06:32:43,la unidad no lleg贸 y se porta grosero y patan la peor experiencia , ,0,0.0,Negativo,Neutral
28472,2022-08-01 06:32:24,   Atento y cordial, ,1,0.0,Positivo,Neutral
18467,2022-08-01 06:31:48,   Atento y cordial, ,1,1.0,Positivo,Neutral
27493,2022-08-01 06:33:21,   Atento y cordial  Viaje agradable  Puntualidad, ,1,1.0,Positivo,Neutral
19227,2022-08-01 06:33:13,Cancelada por Call Center., ,0,0.0,Negativo,Neutral
24908,2022-08-01 06:33:45,No tiene cambio, ,0,0.0,Neutral,Neutral
24704,2022-08-01 06:34:23,no llego porque la direcci贸n le indic贸 mal, ,0,,Negativo,Neutral
27196,2022-08-01 06:34:35,Bien gracias , ,0,0.0,Positivo,Neutral
21789,2022-08-01 06:34:27,   Atento y cordial  Viaje agradable  Puntualidad, ,1,0.0,Positivo,Neutral
20336,2022-08-01 06:34:58,Buena , ,0,0.0,Positivo,Neutral
18534,2022-08-01 06:34:47,Najzbzjskajaj, ,0,0.0,Neutral,Neutral
20414,2022-08-01 06:35:33,   Atento y cordial  Viaje agradable  Puntualidad, ,1,1.0,Positivo,Neutral
3424,2022-08-01 06:36:06,   Atento y cordial,Muy amable ,1,3.0,Positivo,Neutral
8336,2022-08-01 06:36:04,Mal , ,0,0.0,Negativo,Neutral
25155,2022-08-01 06:35:27,   Atento y cordial  Viaje agradable  Puntualidad, ,1,1.0,Positivo,Neutral
19451,2022-08-01 06:37:00, Atento y cordial  Viaje agradable  Puntualidad, ,1,0.0,Positivo,Neutral
16707,2022-08-01 06:35:58,Ya no lo necesito, ,0,5.0,Neutral,Neutral
22444,2022-08-01 06:37:20,   Puntualidad, ,1,0.0,Neutral,Neutral
21982,2022-08-01 06:37:43, Viaje agradable  Puntualidad, ,1,0.0,Positivo,Neutral
25323,2022-08-01 06:38:00, Atento y cordial, ,1,1.0,Positivo,Neutral
20975,2022-08-01 06:38:11,   Atento y cordial  Viaje agradable, ,1,1.0,Positivo,Neutral
21182,2022-08-01 06:38:19,   Viaje agradable, ,1,0.0,Positivo,Neutral
11602,2022-08-01 06:38:35,   Atento y cordial  Viaje agradable  Puntualidad, ,1,0.0,Positivo,Neutral
4587,2022-08-01 06:39:13, , ,0,0.0,Neutral,Neutral
711,2022-08-01 06:39:23, Atento y cordial  Viaje agradable, ,1,0.0,Positivo,Neutral
24749,2022-08-01 06:38:17, Puntualidad, ,1,0.0,Neutral,Neutral
8585,2022-08-01 06:39:25,   Atento y cordial, ,1,0.0,Positivo,Neutral
28883,2022-08-01 06:39:38, Atento y cordial, ,1,0.0,Positivo,Neutral
23948,2022-08-01 06:40:28,Bdjdjsjsbskd   Llev贸 otro cliente, ,5,0.0,Negativo,Neutral
14039,2022-08-01 06:40:16,   Atento y cordial  Puntualidad, ,1,,Positivo,Neutral
26378,2022-08-01 06:40:19,   Puntualidad, ,1,1.0,Neutral,Neutral
28212,2022-08-01 06:40:40,Gracias  , ,0,1.0,Positivo,Neutral
12011,2022-08-01 06:40:55,   Atento y cordial, ,1,1.0,Positivo,Neutral
23866,2022-08-01 06:40:58,   Viaje agradable, ,1,0.0,Positivo,Neutral
20476,2022-08-01 06:40:49,Ok , ,0,0.0,Positivo,Neutral
